storm_id,state,district,nearest_city,birth_time,death_time,lifetime_minutes,origin_lat,origin_lon,direction_deg,speed_kmh,max_radius_km,cluster_id
S000001,Manipur,Imphal West,Imphal,2026-06-18 10:22:55,2026-06-18 11:52:55,90,24.87805,93.98466,6.3,34.6,4.11,1
S000002,Uttar Pradesh,Prayagraj,Prayagraj,2026-06-18 11:28:51,2026-06-18 14:58:51,210,25.43423,81.84645,23.2,21.23,12.39,2
S000003,Meghalaya,West Khasi Hills,Nongstoin,2026-06-18 13:22:00,2026-06-18 14:52:00,90,25.53595,91.23741,236.0,11.0,20.99,3
S000004,Tamil Nadu,Nilgiris,Ooty,2026-06-18 04:35:35,2026-06-18 05:35:35,60,11.41197,76.70311,124.6,8.33,12.26,4
S000005,Chhattisgarh,Ambikapur,Ambikapur,2026-06-18 18:56:05,2026-06-18 21:26:05,150,23.10021,83.23006,171.3,28.49,12.48,5
S000006,Goa,North Goa,Panaji,2026-06-18 19:26:32,2026-06-18 20:26:32,60,15.47243,73.83594,190.7,29.88,11.51,6
S000007,Karnataka,Shivamogga,Shivamogga,2026-06-18 15:19:48,2026-06-18 16:19:48,60,13.91801,75.66849,302.6,26.6,18.93,7
S000008,Meghalaya,East Garo Hills,Williamnagar,2026-06-18 09:57:25,2026-06-18 10:57:25,60,25.4792,90.61651,335.8,25.98,10.08,8
S000009,Meghalaya,East Garo Hills,Williamnagar,2026-06-18 06:36:53,2026-06-18 09:36:53,180,25.48704,90.6281,165.4,12.09,19.45,9
S000010,West Bengal,Darjeeling,Darjeeling,2026-06-18 21:10:18,2026-06-18 22:10:18,60,27.03709,88.27215,326.3,33.53,13.11,10
S000011,Assam,Nagaon,Nagaon,2026-06-18 03:24:21,2026-06-18 05:54:21,150,26.38316,92.68442,229.8,27.74,6.48,11
S000012,Chhattisgarh,Bilaspur,Bilaspur,2026-06-18 17:59:50,2026-06-18 19:59:50,120,22.06113,82.24398,109.6,14.57,14.82,12
S000013,Madhya Pradesh,Indore,Indore,2026-06-18 18:59:16,2026-06-18 21:29:16,150,22.65933,75.84701,98.7,13.92,18.82,13
S000014,Jharkhand,Hazaribagh,Hazaribagh,2026-06-18 20:35:38,2026-06-18 22:35:38,120,24.03363,85.35969,107.4,30.26,19.11,14
S000015,Maharashtra,Gadchiroli,Gadchiroli,2026-06-18 15:17:42,2026-06-18 17:47:42,150,20.08289,79.95454,170.8,5.85,18.52,15
S000016,Uttarakhand,Dehradun,Dehradun,2026-06-18 18:49:12,2026-06-18 20:19:12,90,30.28872,78.14621,293.1,13.37,11.67,16
S000017,Jharkhand,Bokaro,Bokaro Steel City,2026-06-18 14:08:46,2026-06-18 15:38:46,90,23.69693,86.11921,239.3,6.32,7.6,17
S000018,Jharkhand,Ranchi,Ranchi,2026-06-18 22:49:47,2026-06-19 00:49:47,120,23.32037,85.30889,291.9,25.48,10.36,18
S000019,Tripura,Gomati,Udaipur,2026-06-18 22:04:58,2026-06-19 00:34:58,150,23.56387,91.43025,329.0,27.63,16.58,19
S000020,Gujarat,Surat,Surat,2026-06-18 20:12:35,2026-06-18 23:12:35,180,21.13316,72.75208,217.5,7.13,6.42,20
S000021,Jharkhand,Hazaribagh,Hazaribagh,2026-06-18 22:23:39,2026-06-19 00:53:39,150,24.09705,85.38068,212.9,17.45,5.11,21
S000022,Punjab,Ludhiana,Ludhiana,2026-06-18 13:23:00,2026-06-18 14:23:00,60,30.84379,75.764,329.0,19.04,11.97,22
S000023,Bihar,Bhagalpur,Bhagalpur,2026-06-18 18:10:40,2026-06-18 20:10:40,120,25.23617,87.05353,12.7,11.56,14.69,23
S000024,Mizoram,Lunglei,Lunglei,2026-06-18 04:38:09,2026-06-18 07:38:09,180,22.88026,92.75555,62.7,33.38,14.63,24
S000025,Madhya Pradesh,Indore,Indore,2026-06-18 18:47:33,2026-06-18 21:17:33,150,22.71369,75.80591,222.6,26.41,13.23,25
S000026,Telangana,Karimnagar,Karimnagar,2026-06-18 19:11:26,2026-06-18 21:11:26,120,18.42713,79.17183,146.0,30.62,14.98,26
S000027,Karnataka,Dakshina Kannada,Mangaluru,2026-06-18 22:32:55,2026-06-19 01:32:55,180,12.9178,74.86354,62.2,13.14,21.99,27
S000028,Tripura,West Tripura,Agartala,2026-06-18 15:01:54,2026-06-18 16:31:54,90,23.82583,91.38194,110.9,22.77,12.36,28
S000029,Karnataka,Uttara Kannada,Karwar,2026-06-18 14:47:51,2026-06-18 16:17:51,90,14.83586,74.11039,246.8,19.81,8.53,29
S000030,Manipur,Imphal West,Imphal,2026-06-18 21:19:40,2026-06-18 22:49:40,90,24.90831,93.88272,195.8,17.9,12.27,30
S000031,Punjab,Amritsar,Amritsar,2026-06-18 19:57:29,2026-06-18 22:27:29,150,31.69956,74.90519,9.4,30.32,5.71,31
S000032,Chhattisgarh,Bilaspur,Bilaspur,2026-06-18 08:59:20,2026-06-18 10:29:20,90,22.06526,82.22434,23.7,18.18,12.24,32
S000033,Odisha,Cuttack,Cuttack,2026-06-18 23:37:26,2026-06-19 02:37:26,180,20.44098,85.87974,123.3,25.35,11.96,33
S000034,Puducherry,Puducherry,Puducherry,2026-06-18 20:57:52,2026-06-18 21:27:52,30,11.92201,79.76396,152.0,17.65,17.66,34
S000035,Madhya Pradesh,Jabalpur,Jabalpur,2026-06-18 18:46:00,2026-06-18 21:16:00,150,23.24486,79.99519,44.4,34.08,14.71,35
S000036,Bihar,Bhagalpur,Bhagalpur,2026-06-18 05:31:07,2026-06-18 06:31:07,60,25.23625,86.97068,183.0,29.02,17.72,36
S000037,Assam,Tezpur,Tezpur,2026-06-18 22:36:13,2026-06-19 00:36:13,120,26.61591,92.78056,321.5,12.3,12.26,37
S000038,Chhattisgarh,Raipur,Raipur,2026-06-18 17:09:58,2026-06-18 19:09:58,120,21.20993,81.7155,73.8,10.57,4.53,38
S000039,Kerala,Thrissur,Thrissur,2026-06-18 11:14:50,2026-06-18 14:14:50,180,10.47653,76.16583,343.8,7.4,14.8,39
S000040,Andhra Pradesh,Vijayawada,Vijayawada,2026-06-18 12:13:31,2026-06-18 13:13:31,60,16.50295,80.63846,308.0,7.17,14.18,40
S000041,Gujarat,Ahmedabad,Ahmedabad,2026-06-18 18:56:38,2026-06-18 19:56:38,60,23.08844,72.57614,219.7,8.24,12.57,41
S000042,Mizoram,Lunglei,Lunglei,2026-06-18 13:40:35,2026-06-18 16:10:35,150,22.83801,92.68654,231.8,30.96,10.09,42
S000043,Madhya Pradesh,Jabalpur,Jabalpur,2026-06-18 05:30:34,2026-06-18 07:00:34,90,23.18877,79.9878,219.9,23.57,15.81,43
S000044,Punjab,Ludhiana,Ludhiana,2026-06-18 09:11:53,2026-06-18 10:41:53,90,30.85886,75.92247,34.2,8.88,9.77,44
S000045,Nagaland,Kohima,Kohima,2026-06-18 14:53:00,2026-06-18 17:53:00,180,25.71338,94.11346,69.1,9.98,20.65,45
S000046,Chhattisgarh,Raipur,Raipur,2026-06-18 15:54:27,2026-06-18 17:24:27,90,21.23025,81.69241,51.4,8.94,23.27,46
S000047,Chandigarh,Chandigarh,Chandigarh,2026-06-18 07:31:59,2026-06-18 08:31:59,60,30.71412,76.80355,125.2,28.64,13.15,47
S000048,Assam,Tezpur,Tezpur,2026-06-18 14:52:15,2026-06-18 16:22:15,90,26.59264,92.70367,358.8,21.83,10.87,48
S000049,Tamil Nadu,Madurai,Madurai,2026-06-18 15:38:46,2026-06-18 17:08:46,90,9.94518,78.11299,145.1,15.95,9.69,49
S000050,Tamil Nadu,Nilgiris,Ooty,2026-06-18 16:15:30,2026-06-18 18:45:30,150,11.42885,76.75472,310.9,6.87,12.9,50
S000051,Maharashtra,Gadchiroli,Gadchiroli,2026-06-18 22:40:42,2026-06-19 01:10:42,150,20.24953,80.07418,59.7,29.71,8.39,51
S000052,Odisha,Cuttack,Cuttack,2026-06-18 06:59:18,2026-06-18 09:59:18,180,20.43561,85.83425,20.9,14.03,8.03,52
S000053,Tamil Nadu,Madurai,Madurai,2026-06-18 13:42:43,2026-06-18 15:42:43,120,9.96511,78.20684,278.8,6.57,6.82,53
S000054,Uttar Pradesh,Prayagraj,Prayagraj,2026-06-18 01:04:14,2026-06-18 04:04:14,180,25.46978,81.80428,7.6,28.38,7.55,54
S000055,Odisha,Khordha,Bhubaneswar,2026-06-18 23:45:19,2026-06-19 01:15:19,90,20.2864,85.84896,108.2,27.26,14.21,55
S000056,Madhya Pradesh,Bhopal,Bhopal,2026-06-18 17:06:19,2026-06-18 19:36:19,150,23.29391,77.41748,280.0,14.86,10.43,56
S000057,Chhattisgarh,Durg,Durg,2026-06-18 18:47:43,2026-06-18 19:47:43,60,21.16881,81.19329,141.6,19.46,4.52,57
S000058,Maharashtra,Pune,Pune,2026-06-18 12:31:23,2026-06-18 15:31:23,180,18.59057,73.85681,223.0,25.21,16.93,58
S000059,Arunachal Pradesh,Lower Subansiri,Ziro,2026-06-18 22:52:29,2026-06-19 01:22:29,150,27.61202,93.8705,104.8,25.13,10.08,59
S000060,Karnataka,Bengaluru Urban,Bengaluru,2026-06-18 18:48:06,2026-06-18 19:18:06,30,13.07217,77.61467,155.9,5.45,20.02,60
S000061,Maharashtra,Nagpur,Nagpur,2026-06-18 09:15:15,2026-06-18 11:15:15,120,21.15465,79.19041,81.6,7.86,3.97,61
S000062,Bihar,Darbhanga,Darbhanga,2026-06-18 04:11:32,2026-06-18 07:11:32,180,26.14347,85.88912,33.2,31.71,19.72,62
S000063,Karnataka,Belagavi,Belagavi,2026-06-18 13:15:10,2026-06-18 15:15:10,120,15.9049,74.46715,258.8,30.74,15.49,63
S000064,Karnataka,Chikkamagaluru,Chikkamagaluru,2026-06-18 06:46:44,2026-06-18 10:16:44,210,13.27803,75.78,52.1,33.8,20.37,64
S000065,Maharashtra,Pune,Pune,2026-06-18 06:16:19,2026-06-18 08:46:19,150,18.4444,73.88596,341.1,6.65,3.68,65
S000066,Bihar,Darbhanga,Darbhanga,2026-06-18 09:59:10,2026-06-18 12:29:10,150,26.15277,85.90317,213.9,32.77,13.82,66
S000067,Andhra Pradesh,Visakhapatnam,Visakhapatnam,2026-06-18 19:15:44,2026-06-18 21:15:44,120,17.62325,83.22326,249.1,29.04,8.47,67
S000068,West Bengal,Bardhaman,Bardhaman,2026-06-18 12:16:58,2026-06-18 14:16:58,120,23.22201,87.83326,116.9,12.26,12.02,68
S000069,Tamil Nadu,Madurai,Madurai,2026-06-18 09:02:04,2026-06-18 10:32:04,90,9.90278,78.05129,143.1,28.07,5.94,69
S000070,West Bengal,Kolkata,Kolkata,2026-06-18 05:25:59,2026-06-18 06:25:59,60,22.54031,88.35891,204.7,13.87,10.52,70
S000071,West Bengal,Kharagpur,Kharagpur,2026-06-18 18:46:50,2026-06-18 19:46:50,60,22.34,87.24625,289.9,14.93,6.96,71
S000072,Odisha,Khordha,Bhubaneswar,2026-06-18 15:32:45,2026-06-18 17:02:45,90,20.27495,85.78939,69.3,33.79,20.42,72
S000073,Telangana,Khammam,Khammam,2026-06-18 10:39:19,2026-06-18 12:09:19,90,17.21038,80.182,25.1,14.23,14.94,73
S000074,Assam,Tezpur,Tezpur,2026-06-18 16:37:51,2026-06-18 18:37:51,120,26.65647,92.81774,40.0,27.64,10.06,74
S000075,Odisha,Berhampur,Berhampur,2026-06-18 02:11:56,2026-06-18 04:41:56,150,19.37069,84.78434,74.3,33.57,13.03,75
S000076,Andhra Pradesh,Visakhapatnam,Visakhapatnam,2026-06-18 01:26:47,2026-06-18 02:56:47,90,17.65563,83.29793,229.3,16.76,4.58,76
S000077,Maharashtra,Gadchiroli,Gadchiroli,2026-06-18 21:02:49,2026-06-18 23:02:49,120,20.18263,79.99894,13.3,9.57,11.67,77
S000078,Madhya Pradesh,Bhopal,Bhopal,2026-06-18 14:40:40,2026-06-18 17:10:40,150,23.33244,77.39589,209.5,7.41,17.42,78
S000079,Meghalaya,West Khasi Hills,Nongstoin,2026-06-18 20:45:16,2026-06-18 23:15:16,150,25.41875,91.24361,266.6,29.05,22.89,79
S000080,Chhattisgarh,Ambikapur,Ambikapur,2026-06-18 19:10:18,2026-06-18 20:40:18,90,23.20222,83.15741,35.5,31.74,10.64,80
S000081,Kerala,Thrissur,Thrissur,2026-06-18 10:50:41,2026-06-18 12:50:41,120,10.47701,76.16639,273.4,33.06,21.74,81
S000082,Assam,Nagaon,Nagaon,2026-06-18 22:51:43,2026-06-19 00:51:43,120,26.27367,92.7037,7.2,34.51,4.34,82
S000083,Tamil Nadu,Chennai,Chennai,2026-06-18 20:06:12,2026-06-18 21:36:12,90,13.10893,80.17105,102.5,14.22,12.47,83
S000084,Kerala,Kannur,Kannur,2026-06-18 12:50:02,2026-06-18 15:20:02,150,11.91407,75.43496,346.0,31.5,21.66,84
S000085,Jharkhand,Hazaribagh,Hazaribagh,2026-06-18 14:10:01,2026-06-18 16:10:01,120,23.89367,85.36402,295.6,17.74,18.39,85
S000086,Bihar,Purnia,Purnia,2026-06-18 20:52:31,2026-06-18 23:52:31,180,25.81446,87.38678,319.0,17.77,4.08,86
S000087,Bihar,Darbhanga,Darbhanga,2026-06-18 17:01:35,2026-06-18 18:31:35,90,26.19236,85.82842,106.6,15.59,5.88,87
S000088,Maharashtra,Amravati,Amravati,2026-06-18 14:23:31,2026-06-18 15:23:31,60,20.9836,77.76713,92.3,24.56,20.46,88
S000089,Chhattisgarh,Durg,Durg,2026-06-18 18:52:40,2026-06-18 20:22:40,90,21.14393,81.2023,224.8,21.42,6.64,89
S000090,Assam,Nagaon,Nagaon,2026-06-18 19:03:24,2026-06-18 20:03:24,60,26.34614,92.68698,8.6,30.43,12.85,90
S000091,Tripura,West Tripura,Agartala,2026-06-18 23:10:26,2026-06-19 00:40:26,90,23.82801,91.22135,351.5,13.28,9.96,91
S000092,Telangana,Khammam,Khammam,2026-06-18 12:25:11,2026-06-18 14:55:11,150,17.25346,80.14356,15.1,16.47,18.21,92
S000093,Uttar Pradesh,Ballia,Ballia,2026-06-18 17:17:56,2026-06-18 19:17:56,120,25.77682,84.05662,298.9,19.95,13.78,93
S000094,Arunachal Pradesh,Lower Subansiri,Ziro,2026-06-18 16:02:39,2026-06-18 17:02:39,60,27.49296,93.78255,216.1,21.76,12.1,94
S000095,Nagaland,Dimapur,Dimapur,2026-06-18 12:37:52,2026-06-18 14:37:52,120,25.9202,93.7409,23.0,27.03,13.59,95
S000096,West Bengal,Siliguri,Siliguri,2026-06-18 08:59:06,2026-06-18 10:59:06,120,26.776,88.36885,237.7,21.56,6.76,96
S000097,Odisha,Berhampur,Berhampur,2026-06-18 05:09:29,2026-06-18 08:39:29,210,19.31005,84.7281,48.9,25.26,18.3,97
S000098,Odisha,Khordha,Bhubaneswar,2026-06-18 16:31:10,2026-06-18 19:31:10,180,20.30566,85.82711,167.3,16.6,9.3,98
S000099,Punjab,Amritsar,Amritsar,2026-06-18 07:58:58,2026-06-18 10:28:58,150,31.61075,74.87018,89.3,15.29,4.7,99
S000100,Maharashtra,Mumbai,Mumbai,2026-06-18 17:26:10,2026-06-18 20:26:10,180,19.07328,72.87421,12.8,32.85,8.89,100
S000101,Jharkhand,Deoghar,Deoghar,2026-06-18 19:19:16,2026-06-18 22:19:16,180,24.55228,86.63678,239.7,14.65,11.78,101
S000102,Maharashtra,Mumbai,Mumbai,2026-06-18 10:45:43,2026-06-18 13:15:43,150,19.12468,72.89334,337.7,8.23,8.74,102
S000103,Maharashtra,Gondia,Gondia,2026-06-18 17:52:17,2026-06-18 18:52:17,60,21.44404,80.09068,94.5,9.46,10.34,103
S000104,Uttar Pradesh,Kanpur,Kanpur,2026-06-18 01:30:25,2026-06-18 03:30:25,120,26.5117,80.40079,253.4,10.51,18.67,104
S000105,Assam,Tezpur,Tezpur,2026-06-18 16:23:35,2026-06-18 17:23:35,60,26.63446,92.79147,176.1,24.64,11.3,105
S000106,Kerala,Wayanad,Kalpetta,2026-06-18 14:54:16,2026-06-18 16:24:16,90,11.57465,76.1026,345.0,7.39,9.7,106
S000107,Uttarakhand,Dehradun,Dehradun,2026-06-18 12:26:16,2026-06-18 15:26:16,180,30.38084,77.9424,205.5,29.49,4.34,107
S000108,West Bengal,Siliguri,Siliguri,2026-06-18 08:41:00,2026-06-18 10:11:00,90,26.74927,88.50718,164.8,32.35,19.09,108
S000109,Kerala,Idukki,Idukki,2026-06-18 16:47:13,2026-06-18 19:47:13,180,9.84413,76.90466,69.0,16.22,19.75,109
S000110,Uttar Pradesh,Kanpur,Kanpur,2026-06-18 16:08:22,2026-06-18 19:38:22,210,26.4979,80.33223,73.1,16.57,9.85,110
S000111,Sikkim,East Sikkim,Gangtok,2026-06-18 21:06:31,2026-06-18 22:36:31,90,27.28363,88.59043,279.0,9.04,10.57,111
S000112,Tripura,West Tripura,Agartala,2026-06-18 13:49:15,2026-06-18 15:19:15,90,23.83165,91.28935,1.5,22.01,7.22,112
S000113,Maharashtra,Nagpur,Nagpur,2026-06-18 16:28:38,2026-06-18 16:58:38,30,21.11943,79.07506,151.2,34.28,8.93,113
S000114,Maharashtra,Nagpur,Nagpur,2026-06-18 19:39:55,2026-06-18 21:09:55,90,21.11243,79.1601,106.5,18.18,14.07,114
S000115,Uttar Pradesh,Azamgarh,Azamgarh,2026-06-18 16:52:10,2026-06-18 19:22:10,150,26.05164,83.11148,113.6,18.72,8.28,115
S000116,Assam,Dibrugarh,Dibrugarh,2026-06-18 13:05:39,2026-06-18 15:35:39,150,27.46377,94.89048,307.1,33.47,16.32,116
S000117,Assam,Tezpur,Tezpur,2026-06-18 11:27:03,2026-06-18 12:57:03,90,26.64219,92.78549,267.9,22.62,17.17,117
S000118,Bihar,Gaya,Gaya,2026-06-18 22:23:27,2026-06-18 23:53:27,90,24.69229,84.96752,62.6,6.32,15.38,118
S000119,Punjab,Amritsar,Amritsar,2026-06-18 15:32:35,2026-06-18 17:02:35,90,31.67125,74.92346,45.2,21.72,7.62,119
S000120,Maharashtra,Nagpur,Nagpur,2026-06-18 19:20:06,2026-06-18 20:20:06,60,21.19351,79.14676,260.3,29.85,15.83,120
S000121,West Bengal,Siliguri,Siliguri,2026-06-18 23:00:43,2026-06-19 01:00:43,120,26.71414,88.40166,14.5,11.11,20.24,121
S000122,Meghalaya,West Khasi Hills,Nongstoin,2026-06-18 06:25:53,2026-06-18 09:25:53,180,25.51801,91.26191,55.1,26.07,22.41,122
S000123,Karnataka,Uttara Kannada,Karwar,2026-06-18 20:25:00,2026-06-18 21:25:00,60,14.84157,74.07936,239.8,18.38,21.75,123
S000124,Maharashtra,Aurangabad,Chhatrapati Sambhajinagar,2026-06-18 15:11:20,2026-06-18 18:11:20,180,19.96657,75.36809,287.6,22.79,10.73,124
S000125,Bihar,Gaya,Gaya,2026-06-18 16:38:19,2026-06-18 18:38:19,120,24.78013,85.04723,170.8,27.47,21.67,125
S000126,Bihar,Purnia,Purnia,2026-06-18 18:27:23,2026-06-18 21:27:23,180,25.78344,87.48005,244.3,6.09,21.62,126
S000127,Assam,Dibrugarh,Dibrugarh,2026-06-18 20:15:35,2026-06-18 22:15:35,120,27.51351,94.84541,281.9,17.0,13.8,127
S000128,Karnataka,Kalaburagi,Kalaburagi,2026-06-18 06:55:24,2026-06-18 10:55:24,240,17.28407,76.7782,191.3,19.29,11.87,128
S000129,Nagaland,Dimapur,Dimapur,2026-06-18 12:48:18,2026-06-18 15:18:18,150,25.91112,93.72991,60.8,29.17,21.29,129
S000130,Arunachal Pradesh,Papum Pare,Itanagar,2026-06-18 17:08:11,2026-06-18 18:08:11,60,27.04704,93.60969,56.3,31.7,6.79,130
S000131,Uttarakhand,Nainital,Nainital,2026-06-18 04:49:16,2026-06-18 06:49:16,120,29.33294,79.47346,161.5,24.11,17.1,131
S000132,Kerala,Wayanad,Kalpetta,2026-06-18 20:27:39,2026-06-18 22:27:39,120,11.60109,76.08324,39.3,32.63,15.17,132
S000133,West Bengal,Malda,Malda,2026-06-18 07:42:15,2026-06-18 09:12:15,90,25.07941,88.16383,76.2,33.05,17.86,133
S000134,Telangana,Karimnagar,Karimnagar,2026-06-18 15:07:45,2026-06-18 16:37:45,90,18.42849,79.04869,297.6,27.07,14.17,134
S000135,Andaman and Nicobar Islands,South Andaman,Port Blair,2026-06-18 10:20:17,2026-06-18 13:20:17,180,11.61755,92.8219,303.0,10.33,14.64,135
S000136,Puducherry,Puducherry,Puducherry,2026-06-18 04:53:54,2026-06-18 06:23:54,90,12.0313,79.81919,193.8,17.44,12.6,136
S000137,Kerala,Idukki,Idukki,2026-06-18 23:26:22,2026-06-19 01:26:22,120,9.76674,76.97525,24.6,22.53,14.27,137
S000138,Kerala,Kozhikode,Kozhikode,2026-06-18 10:30:51,2026-06-18 12:30:51,120,11.30931,75.79282,129.9,29.72,22.43,138
S000139,Bihar,Gaya,Gaya,2026-06-18 18:48:24,2026-06-18 20:18:24,90,24.81383,84.95183,199.2,30.11,14.51,139
S000140,Bihar,Purnia,Purnia,2026-06-18 16:22:51,2026-06-18 19:52:51,210,25.84742,87.54634,103.3,10.86,17.07,140
S000141,Madhya Pradesh,Ujjain,Ujjain,2026-06-18 15:20:22,2026-06-18 16:50:22,90,23.20874,75.72599,31.9,13.47,12.95,141
S000142,Jharkhand,Bokaro,Bokaro Steel City,2026-06-18 09:03:49,2026-06-18 11:03:49,120,23.70772,86.21166,219.6,25.41,10.78,142
S000143,Arunachal Pradesh,Papum Pare,Itanagar,2026-06-18 17:39:53,2026-06-18 19:39:53,120,27.04204,93.52431,195.7,17.83,14.79,143
S000144,Karnataka,Mysuru,Mysuru,2026-06-18 12:49:35,2026-06-18 15:49:35,180,12.29764,76.58713,221.2,28.99,18.01,144
S000145,Madhya Pradesh,Indore,Indore,2026-06-18 11:07:50,2026-06-18 12:07:50,60,22.75817,75.76384,327.3,24.4,10.96,145
S000146,Gujarat,Kutch,Bhuj,2026-06-18 05:07:26,2026-06-18 07:07:26,120,23.31782,69.72238,149.2,16.14,9.75,146
S000147,Telangana,Khammam,Khammam,2026-06-18 20:53:03,2026-06-18 22:53:03,120,17.22415,80.08536,296.6,33.38,20.27,147
S000148,Tamil Nadu,Tiruchirappalli,Tiruchirappalli,2026-06-18 12:58:59,2026-06-18 14:58:59,120,10.87775,78.74966,97.1,9.88,9.49,148
S000149,Kerala,Kozhikode,Kozhikode,2026-06-18 11:00:10,2026-06-18 14:00:10,180,11.26176,75.7476,47.5,22.54,11.76,149
S000150,Chhattisgarh,Bilaspur,Bilaspur,2026-06-18 05:00:43,2026-06-18 07:30:43,150,22.11912,82.04994,313.6,21.34,18.26,150
S000151,Madhya Pradesh,Bhopal,Bhopal,2026-06-18 06:40:00,2026-06-18 09:10:00,150,23.27745,77.40036,34.6,24.91,9.79,151
S000152,Maharashtra,Mumbai,Mumbai,2026-06-18 21:57:24,2026-06-19 00:27:24,150,19.06428,72.82831,123.5,12.66,11.36,152
S000153,Telangana,Khammam,Khammam,2026-06-18 13:49:44,2026-06-18 14:49:44,60,17.15289,80.16834,128.6,32.66,4.75,153
S000154,Maharashtra,Amravati,Amravati,2026-06-18 15:13:28,2026-06-18 16:43:28,90,20.95108,77.69972,336.7,24.39,20.9,154
S000155,Uttar Pradesh,Kanpur,Kanpur,2026-06-18 18:14:19,2026-06-18 20:14:19,120,26.41503,80.32694,343.6,30.52,12.8,155
S000156,Madhya Pradesh,Balaghat,Balaghat,2026-06-18 12:12:12,2026-06-18 14:12:12,120,21.77325,80.14624,275.7,28.95,11.74,156
S000157,West Bengal,Siliguri,Siliguri,2026-06-18 09:49:52,2026-06-18 12:19:52,150,26.69492,88.46984,278.0,25.23,17.7,157
S000158,Uttar Pradesh,Varanasi,Varanasi,2026-06-18 10:32:33,2026-06-18 13:32:33,180,25.32964,82.92196,8.2,13.57,22.37,158
S000159,Meghalaya,West Khasi Hills,Nongstoin,2026-06-18 13:18:14,2026-06-18 14:48:14,90,25.51691,91.24949,120.5,23.38,12.02,159
S000160,Madhya Pradesh,Chhindwara,Chhindwara,2026-06-18 11:43:34,2026-06-18 13:43:34,120,22.05558,78.9871,346.7,8.17,15.35,160
S000161,Bihar,Patna,Patna,2026-06-18 18:30:16,2026-06-18 20:00:16,90,25.59847,85.15768,324.2,22.21,18.44,161
S000162,Arunachal Pradesh,Lower Subansiri,Ziro,2026-06-18 17:37:30,2026-06-18 19:37:30,120,27.51922,93.82316,169.7,27.51,14.16,162
S000163,Nagaland,Kohima,Kohima,2026-06-18 20:23:58,2026-06-18 22:23:58,120,25.66722,94.12683,341.4,29.53,11.2,163
S000164,Jharkhand,Deoghar,Deoghar,2026-06-18 15:59:45,2026-06-18 19:29:45,210,24.43566,86.73156,277.2,18.76,19.24,164
S000165,Uttar Pradesh,Agra,Agra,2026-06-18 02:02:28,2026-06-18 05:32:28,210,27.15462,78.09554,110.9,22.76,6.02,165
S000166,West Bengal,Howrah,Howrah,2026-06-18 15:14:33,2026-06-18 17:14:33,120,22.6293,88.32892,313.6,21.18,23.29,166
S000167,Manipur,Imphal West,Imphal,2026-06-18 04:58:03,2026-06-18 05:58:03,60,24.80185,93.87736,230.6,17.83,20.97,167
S000168,Assam,Dibrugarh,Dibrugarh,2026-06-18 12:01:14,2026-06-18 14:01:14,120,27.51481,94.89823,330.8,13.75,7.05,168
S000169,Bihar,Darbhanga,Darbhanga,2026-06-18 11:38:34,2026-06-18 13:08:34,90,26.11101,85.91031,344.1,14.95,8.23,169
S000170,Nagaland,Kohima,Kohima,2026-06-18 13:29:01,2026-06-18 14:59:01,90,25.67963,94.09591,278.5,33.32,22.69,170
S000171,Nagaland,Dimapur,Dimapur,2026-06-18 11:07:33,2026-06-18 12:37:33,90,25.91038,93.65572,222.7,31.22,10.08,171
S000172,Madhya Pradesh,Balaghat,Balaghat,2026-06-18 10:35:56,2026-06-18 13:05:56,150,21.81961,80.12147,205.0,19.91,4.11,172
S000173,Bihar,Patna,Patna,2026-06-18 22:24:56,2026-06-19 00:54:56,150,25.52829,85.18071,4.0,34.41,4.03,173
S000174,Madhya Pradesh,Indore,Indore,2026-06-18 06:28:01,2026-06-18 07:58:01,90,22.7231,75.93222,313.9,21.88,8.28,174
S000175,Assam,Kamrup Metropolitan,Guwahati,2026-06-18 02:48:00,2026-06-18 04:48:00,120,26.12331,91.80152,313.9,8.67,17.8,175
S000176,Telangana,Hyderabad,Hyderabad,2026-06-18 15:36:49,2026-06-18 18:06:49,150,17.41412,78.51159,20.6,18.2,6.69,176
S000177,West Bengal,Kolkata,Kolkata,2026-06-18 21:29:23,2026-06-18 23:29:23,120,22.6527,88.33507,132.6,31.54,21.33,177
S000178,Maharashtra,Nagpur,Nagpur,2026-06-18 12:03:29,2026-06-18 12:33:29,30,21.13732,79.08289,0.9,26.15,16.25,178
S000179,Meghalaya,Jaintia Hills,Jowai,2026-06-18 03:21:25,2026-06-18 05:21:25,120,25.44487,92.20665,104.2,23.1,6.6,179
S000180,Karnataka,Dakshina Kannada,Mangaluru,2026-06-18 10:41:45,2026-06-18 12:41:45,120,12.82077,74.82684,302.6,19.08,6.02,180
S000181,Odisha,Berhampur,Berhampur,2026-06-18 11:50:29,2026-06-18 13:20:29,90,19.37834,84.74272,345.6,14.81,9.46,181
S000182,Nagaland,Mokokchung,Mokokchung,2026-06-18 13:14:51,2026-06-18 15:14:51,120,26.42848,94.54981,166.5,32.54,21.19,182
S000183,Maharashtra,Gadchiroli,Gadchiroli,2026-06-18 13:56:43,2026-06-18 14:56:43,60,20.24173,80.07706,111.2,9.25,20.04,183
S000184,Meghalaya,East Garo Hills,Williamnagar,2026-06-18 16:13:10,2026-06-18 17:13:10,60,25.38953,90.59971,115.2,10.93,20.07,184
S000185,Kerala,Kannur,Kannur,2026-06-18 23:59:04,2026-06-19 01:59:04,120,11.78017,75.38164,313.7,9.92,4.96,185
S000186,West Bengal,Siliguri,Siliguri,2026-06-18 11:06:38,2026-06-18 13:06:38,120,26.76025,88.48256,219.2,20.92,8.97,186
S000187,Puducherry,Puducherry,Puducherry,2026-06-18 03:11:12,2026-06-18 05:11:12,120,11.93445,79.84468,179.5,10.64,6.74,187
S000188,Jharkhand,Ranchi,Ranchi,2026-06-18 14:09:24,2026-06-18 16:09:24,120,23.40036,85.2697,344.4,20.2,14.99,188
S000189,West Bengal,Siliguri,Siliguri,2026-06-18 18:02:11,2026-06-18 19:32:11,90,26.76074,88.37997,57.2,14.16,15.05,189
S000190,Meghalaya,Jaintia Hills,Jowai,2026-06-18 09:59:33,2026-06-18 12:59:33,180,25.51286,92.16199,320.4,6.77,4.52,190
S000191,Bihar,Darbhanga,Darbhanga,2026-06-18 11:34:53,2026-06-18 13:04:53,90,26.23614,85.89232,326.3,30.02,5.95,191
S000192,Mizoram,Lunglei,Lunglei,2026-06-18 10:04:20,2026-06-18 12:04:20,120,22.91389,92.67267,161.0,28.83,4.05,192
S000193,West Bengal,Kolkata,Kolkata,2026-06-18 14:06:20,2026-06-18 15:06:20,60,22.51933,88.38024,64.8,7.59,7.0,193
S000194,Kerala,Kannur,Kannur,2026-06-18 15:29:44,2026-06-18 16:29:44,60,11.9465,75.42369,124.6,9.89,14.64,194
S000195,Assam,Silchar,Silchar,2026-06-18 17:04:36,2026-06-18 19:34:36,150,24.90585,92.83384,322.7,22.43,13.09,195
S000196,Karnataka,Mysuru,Mysuru,2026-06-18 01:48:13,2026-06-18 04:18:13,150,12.25863,76.65475,322.6,24.87,19.41,196
S000197,Uttar Pradesh,Lucknow,Lucknow,2026-06-18 13:22:09,2026-06-18 14:52:09,90,26.84236,80.93006,333.6,30.89,19.03,197
S000198,Bihar,Purnia,Purnia,2026-06-18 15:12:48,2026-06-18 18:12:48,180,25.86439,87.48528,34.0,22.04,19.9,198
S000199,Nagaland,Kohima,Kohima,2026-06-18 08:28:01,2026-06-18 10:28:01,120,25.71493,94.15945,295.5,9.34,8.17,199
S000200,Meghalaya,East Khasi Hills,Shillong,2026-06-18 09:21:30,2026-06-18 13:21:30,240,25.56763,91.95632,106.9,17.29,10.69,200
S000201,Nagaland,Mokokchung,Mokokchung,2026-06-18 17:54:26,2026-06-18 19:54:26,120,26.31063,94.53622,90.0,29.16,16.62,201
S000202,Arunachal Pradesh,Papum Pare,Itanagar,2026-06-18 11:42:37,2026-06-18 13:12:37,90,27.06016,93.6302,282.3,9.42,21.51,202
S000203,Uttar Pradesh,Basti,Basti,2026-06-18 00:50:56,2026-06-18 02:20:56,90,26.84493,82.79986,27.9,24.93,21.65,203
S000204,Rajasthan,Kota,Kota,2026-06-18 20:43:43,2026-06-18 22:13:43,90,25.18543,75.87508,324.1,13.89,6.82,204
S000205,Madhya Pradesh,Gwalior,Gwalior,2026-06-18 13:02:49,2026-06-18 15:02:49,120,26.16227,78.16236,2.2,25.86,4.62,205
S000206,Odisha,Khordha,Bhubaneswar,2026-06-18 16:24:56,2026-06-18 17:54:56,90,20.32194,85.88693,311.5,16.03,9.95,206
S000207,Odisha,Cuttack,Cuttack,2026-06-18 08:26:51,2026-06-18 09:56:51,90,20.47076,85.94291,152.6,5.93,17.86,207
S000208,Uttar Pradesh,Prayagraj,Prayagraj,2026-06-18 19:45:41,2026-06-18 20:45:41,60,25.36831,81.78695,228.1,18.45,7.92,208
S000209,Mizoram,Aizawl,Aizawl,2026-06-18 16:57:26,2026-06-18 18:27:26,90,23.73881,92.71561,156.8,22.01,7.04,209
S000210,Haryana,Gurugram,Gurugram,2026-06-18 14:03:04,2026-06-18 15:33:04,90,28.46843,77.13167,352.8,8.47,11.09,210
S000211,Arunachal Pradesh,Papum Pare,Itanagar,2026-06-18 22:01:05,2026-06-19 00:31:05,150,27.07487,93.51601,48.5,23.82,4.17,211
S000212,Kerala,Kozhikode,Kozhikode,2026-06-18 04:52:28,2026-06-18 05:52:28,60,11.23198,75.70159,31.1,32.99,4.38,212
S000213,Andhra Pradesh,Visakhapatnam,Visakhapatnam,2026-06-18 12:35:58,2026-06-18 16:05:58,210,17.69526,83.21785,334.3,22.16,9.39,213
S000214,Tamil Nadu,Chennai,Chennai,2026-06-18 13:33:22,2026-06-18 14:33:22,60,13.06145,80.23953,239.7,26.76,4.11,214
S000215,Chandigarh,Chandigarh,Chandigarh,2026-06-18 14:54:38,2026-06-18 16:24:38,90,30.70237,76.80029,358.4,27.16,14.75,215
S000216,West Bengal,Bardhaman,Bardhaman,2026-06-18 20:58:49,2026-06-19 00:58:49,240,23.23008,87.85822,242.5,33.63,9.5,216
S000217,West Bengal,Bardhaman,Bardhaman,2026-06-18 09:43:10,2026-06-18 11:43:10,120,23.20246,87.8732,90.8,25.88,9.58,217
S000218,Jharkhand,East Singhbhum,Jamshedpur,2026-06-18 01:32:08,2026-06-18 04:32:08,180,22.73431,86.20221,156.0,19.22,6.18,218
S000219,Bihar,Darbhanga,Darbhanga,2026-06-18 19:58:28,2026-06-18 22:28:28,150,26.14583,85.9177,165.3,21.76,19.34,219
S000220,Tripura,Gomati,Udaipur,2026-06-18 00:38:49,2026-06-18 02:08:49,90,23.53381,91.40276,213.2,18.82,12.96,220
S000221,Kerala,Thiruvananthapuram,Thiruvananthapuram,2026-06-18 00:19:32,2026-06-18 02:19:32,120,8.53254,76.86723,261.4,24.18,9.37,221
S000222,West Bengal,Kharagpur,Kharagpur,2026-06-18 17:28:13,2026-06-18 20:28:13,180,22.30626,87.31355,2.7,6.04,13.9,222
S000223,Kerala,Ernakulam,Kochi,2026-06-18 20:26:22,2026-06-18 23:26:22,180,9.94011,76.26881,355.4,24.95,14.85,223
S000224,Karnataka,Belagavi,Belagavi,2026-06-18 21:36:24,2026-06-18 23:06:24,90,15.81529,74.45681,187.4,29.44,16.7,224
S000225,Tamil Nadu,Coimbatore,Coimbatore,2026-06-18 21:05:01,2026-06-19 00:05:01,180,10.98093,76.9638,77.1,26.84,12.59,225
S000226,West Bengal,Siliguri,Siliguri,2026-06-18 04:40:37,2026-06-18 07:10:37,150,26.66276,88.40507,77.6,8.65,10.83,226
S000227,Madhya Pradesh,Balaghat,Balaghat,2026-06-18 22:01:06,2026-06-18 23:31:06,90,21.88647,80.2294,16.3,30.14,3.87,227
S000228,West Bengal,Siliguri,Siliguri,2026-06-18 12:29:28,2026-06-18 14:29:28,120,26.6963,88.33048,269.9,11.42,20.43,228
S000229,Assam,Dibrugarh,Dibrugarh,2026-06-18 20:05:54,2026-06-18 21:35:54,90,27.41204,94.95845,271.3,33.75,4.16,229
S000230,Assam,Kamrup Metropolitan,Guwahati,2026-06-18 13:21:58,2026-06-18 13:51:58,30,26.05884,91.79702,103.1,29.65,13.5,230
S000231,Gujarat,Surat,Surat,2026-06-18 16:44:09,2026-06-18 18:14:09,90,21.17223,72.9167,243.5,28.2,17.0,231
S000232,Karnataka,Shivamogga,Shivamogga,2026-06-18 00:33:04,2026-06-18 02:03:04,90,13.92884,75.56855,323.5,9.7,22.0,232
S000233,Uttar Pradesh,Gorakhpur,Gorakhpur,2026-06-18 15:42:36,2026-06-18 18:12:36,150,26.85426,83.43016,201.1,14.71,22.07,233
S000234,Telangana,Warangal,Warangal,2026-06-18 18:52:23,2026-06-18 20:22:23,90,17.92232,79.62647,150.6,11.66,16.62,234
S000235,Kerala,Ernakulam,Kochi,2026-06-18 14:33:55,2026-06-18 16:03:55,90,9.84805,76.25465,98.0,30.9,8.59,235
S000236,Arunachal Pradesh,West Kameng,Bomdila,2026-06-18 04:01:17,2026-06-18 06:01:17,120,27.20311,92.32456,198.5,13.32,7.44,236
S000237,Arunachal Pradesh,Papum Pare,Itanagar,2026-06-18 22:48:51,2026-06-19 00:48:51,120,27.04658,93.53036,140.4,10.02,13.98,237
S000238,Bihar,Muzaffarpur,Muzaffarpur,2026-06-18 19:55:39,2026-06-18 21:55:39,120,26.12467,85.47658,149.4,15.03,5.83,238
S000239,Uttar Pradesh,Basti,Basti,2026-06-18 17:07:48,2026-06-18 19:07:48,120,26.86677,82.79287,206.1,20.08,7.02,239
S000240,Andhra Pradesh,Tirupati,Tirupati,2026-06-18 15:35:28,2026-06-18 18:35:28,180,13.52577,79.43001,200.5,27.96,8.89,240
S000241,Karnataka,Shivamogga,Shivamogga,2026-06-18 20:04:18,2026-06-18 22:04:18,120,13.92048,75.58713,54.2,34.78,15.13,241
S000242,Kerala,Idukki,Idukki,2026-06-18 14:24:58,2026-06-18 15:54:58,90,9.90187,76.9986,334.8,17.29,22.5,242
S000243,Telangana,Hyderabad,Hyderabad,2026-06-18 13:28:26,2026-06-18 14:58:26,90,17.46368,78.41342,307.1,11.72,11.08,243
S000244,Nagaland,Mokokchung,Mokokchung,2026-06-18 07:48:08,2026-06-18 10:18:08,150,26.34261,94.51313,207.4,13.79,19.49,244
S000245,Sikkim,East Sikkim,Gangtok,2026-06-18 08:37:11,2026-06-18 09:07:11,30,27.31048,88.61978,296.1,30.26,16.54,245
S000246,Meghalaya,West Khasi Hills,Nongstoin,2026-06-18 22:35:57,2026-06-19 00:35:57,120,25.45328,91.20525,70.5,19.44,21.67,246
S000247,Assam,Nagaon,Nagaon,2026-06-18 19:34:30,2026-06-18 21:04:30,90,26.33495,92.69816,48.3,24.76,6.51,247
S000248,Sikkim,East Sikkim,Gangtok,2026-06-18 14:52:02,2026-06-18 17:22:02,150,27.28583,88.60268,211.3,16.21,12.04,248
S000249,Meghalaya,West Khasi Hills,Nongstoin,2026-06-18 20:26:24,2026-06-18 21:56:24,90,25.4776,91.28629,346.0,27.7,6.01,249
S000250,Andaman and Nicobar Islands,South Andaman,Port Blair,2026-06-18 17:57:48,2026-06-18 19:57:48,120,11.52534,92.71313,30.0,8.62,19.01,250
S000251,Kerala,Kannur,Kannur,2026-06-18 20:27:42,2026-06-18 22:57:42,150,11.78111,75.32498,185.8,34.97,10.83,251
S000252,Assam,Tezpur,Tezpur,2026-06-18 09:33:20,2026-06-18 10:33:20,60,26.58298,92.81971,118.6,23.76,5.07,252
S000253,West Bengal,Darjeeling,Darjeeling,2026-06-18 20:46:43,2026-06-18 22:46:43,120,27.12979,88.23029,178.7,33.66,19.27,253
S000254,Telangana,Karimnagar,Karimnagar,2026-06-18 09:56:40,2026-06-18 11:56:40,120,18.46392,79.11394,332.6,20.84,11.5,254
S000255,Uttar Pradesh,Prayagraj,Prayagraj,2026-06-18 18:30:11,2026-06-18 22:00:11,210,25.50299,81.75714,199.9,18.66,19.24,255
S000256,Assam,Kamrup Metropolitan,Guwahati,2026-06-18 17:15:23,2026-06-18 19:45:23,150,26.15153,91.70438,98.9,13.32,7.63,256
S000257,Kerala,Ernakulam,Kochi,2026-06-18 16:08:47,2026-06-18 18:08:47,120,9.90257,76.22551,192.8,14.88,15.41,257
S000258,Odisha,Rourkela,Rourkela,2026-06-18 17:36:27,2026-06-18 20:06:27,150,22.22695,84.82711,25.9,17.41,19.74,258
S000259,Madhya Pradesh,Balaghat,Balaghat,2026-06-18 15:31:02,2026-06-18 16:31:02,60,21.75899,80.24537,10.7,13.99,5.39,259
S000260,Uttarakhand,Nainital,Nainital,2026-06-18 22:30:09,2026-06-19 01:00:09,150,29.30464,79.44211,241.8,18.3,15.47,260
S000261,West Bengal,Darjeeling,Darjeeling,2026-06-18 00:09:35,2026-06-18 02:09:35,120,27.06392,88.35995,289.1,33.88,16.62,261
S000262,Meghalaya,West Khasi Hills,Nongstoin,2026-06-18 11:53:50,2026-06-18 13:23:50,90,25.48448,91.23398,183.7,23.66,21.09,262
S000263,Jammu and Kashmir,Jammu,Jammu,2026-06-18 16:42:07,2026-06-18 18:42:07,120,32.6255,74.84125,69.0,18.35,3.67,263
S000264,Odisha,Sambalpur,Sambalpur,2026-06-18 17:07:30,2026-06-18 20:07:30,180,21.52497,84.00158,272.6,8.81,12.62,264
S000265,West Bengal,Kolkata,Kolkata,2026-06-18 20:21:00,2026-06-18 21:51:00,90,22.50544,88.30572,20.1,9.16,22.26,265
S000266,Maharashtra,Chandrapur,Chandrapur,2026-06-18 20:45:06,2026-06-18 22:45:06,120,19.97685,79.24993,210.8,6.22,15.5,266
S000267,Assam,Tezpur,Tezpur,2026-06-18 16:35:39,2026-06-18 17:35:39,60,26.68647,92.90546,136.1,10.99,4.41,267
S000268,West Bengal,Howrah,Howrah,2026-06-18 08:41:53,2026-06-18 11:41:53,180,22.56998,88.24963,55.7,34.13,22.96,268
S000269,Assam,Silchar,Silchar,2026-06-18 16:57:18,2026-06-18 17:57:18,60,24.77328,92.83328,182.0,16.61,7.43,269
S000270,West Bengal,Siliguri,Siliguri,2026-06-18 17:06:06,2026-06-18 18:36:06,90,26.72083,88.35702,175.5,28.21,7.0,270
S000271,Jharkhand,Dhanbad,Dhanbad,2026-06-18 20:56:59,2026-06-18 23:56:59,180,23.84198,86.34477,311.0,25.2,7.94,271
S000272,Kerala,Thiruvananthapuram,Thiruvananthapuram,2026-06-18 12:27:51,2026-06-18 15:57:51,210,8.47467,76.92924,27.9,18.02,12.87,272
S000273,Uttar Pradesh,Gorakhpur,Gorakhpur,2026-06-18 19:51:06,2026-06-18 21:21:06,90,26.76055,83.37297,108.1,28.62,4.02,273
S000274,Odisha,Sambalpur,Sambalpur,2026-06-18 15:01:55,2026-06-18 16:31:55,90,21.55217,84.02873,180.4,20.96,21.7,274
S000275,Meghalaya,Jaintia Hills,Jowai,2026-06-18 05:35:37,2026-06-18 07:35:37,120,25.43986,92.20795,340.1,28.44,6.62,275
S000276,Assam,Tezpur,Tezpur,2026-06-18 11:37:44,2026-06-18 15:07:44,210,26.6005,92.73999,313.5,6.68,18.56,276
S000277,Jharkhand,Deoghar,Deoghar,2026-06-18 16:14:13,2026-06-18 18:44:13,150,24.41219,86.77163,51.5,12.62,12.41,277
S000278,Bihar,Darbhanga,Darbhanga,2026-06-19 06:44:42,2026-06-19 08:44:42,120,26.15552,85.89529,338.1,20.56,9.92,278
S000279,Odisha,Sambalpur,Sambalpur,2026-06-19 19:40:56,2026-06-19 21:40:56,120,21.52785,83.93146,128.6,25.97,9.95,279
S000280,Maharashtra,Aurangabad,Chhatrapati Sambhajinagar,2026-06-19 21:03:33,2026-06-20 00:33:33,210,19.93331,75.30731,238.0,24.9,17.72,280
S000281,Rajasthan,Kota,Kota,2026-06-19 08:21:01,2026-06-19 10:21:01,120,25.15736,75.88986,154.1,12.49,5.74,281
S000282,Uttar Pradesh,Azamgarh,Azamgarh,2026-06-19 14:28:20,2026-06-19 16:28:20,120,26.12125,83.17587,130.2,6.83,21.19,282
S000283,Madhya Pradesh,Ujjain,Ujjain,2026-06-19 08:56:33,2026-06-19 09:56:33,60,23.16159,75.84208,73.6,31.44,10.05,283
S000284,Uttar Pradesh,Varanasi,Varanasi,2026-06-19 05:59:13,2026-06-19 09:29:13,210,25.3105,83.04446,166.6,9.57,8.42,284
S000285,Karnataka,Shivamogga,Shivamogga,2026-06-19 13:41:30,2026-06-19 15:41:30,120,13.90399,75.55524,27.7,24.66,8.0,285
S000286,Jharkhand,East Singhbhum,Jamshedpur,2026-06-19 18:39:20,2026-06-19 20:39:20,120,22.7938,86.21144,305.4,6.65,12.6,286
S000287,Bihar,Patna,Patna,2026-06-19 09:04:06,2026-06-19 10:34:06,90,25.62027,85.12436,101.1,31.28,16.2,287
S000288,Punjab,Amritsar,Amritsar,2026-06-19 18:00:55,2026-06-19 21:00:55,180,31.59878,74.92212,42.2,25.12,16.61,288
S000289,West Bengal,Darjeeling,Darjeeling,2026-06-19 11:00:55,2026-06-19 13:00:55,120,27.03532,88.2657,78.4,8.16,17.71,289
S000290,Meghalaya,East Khasi Hills,Shillong,2026-06-19 15:12:06,2026-06-19 18:42:06,210,25.5962,91.88152,240.0,28.15,12.35,290
S000291,Chhattisgarh,Bilaspur,Bilaspur,2026-06-19 14:50:16,2026-06-19 16:20:16,90,22.15072,82.20179,85.6,11.1,5.17,291
S000292,Maharashtra,Nagpur,Nagpur,2026-06-19 22:26:50,2026-06-19 23:26:50,60,21.22511,79.05371,141.3,15.9,13.15,292
S000293,Uttar Pradesh,Lucknow,Lucknow,2026-06-19 19:47:31,2026-06-19 21:47:31,120,26.79225,80.88221,300.1,6.27,3.9,293
S000294,Uttar Pradesh,Ballia,Ballia,2026-06-19 17:44:11,2026-06-19 19:14:11,90,25.72806,84.26064,107.6,33.85,3.94,294
S000295,Uttar Pradesh,Prayagraj,Prayagraj,2026-06-19 21:14:41,2026-06-19 23:44:41,150,25.45349,81.83429,356.3,20.17,10.49,295
S000296,Manipur,Imphal West,Imphal,2026-06-19 14:35:03,2026-06-19 17:05:03,150,24.82329,93.92882,297.1,12.8,10.68,296
S000297,Karnataka,Chikkamagaluru,Chikkamagaluru,2026-06-19 23:52:21,2026-06-20 00:52:21,60,13.27755,75.77271,283.2,5.75,10.13,297
S000298,Odisha,Balasore,Balasore,2026-06-19 08:26:27,2026-06-19 10:26:27,120,21.47795,86.82003,106.1,15.76,14.61,298
S000299,Bihar,Patna,Patna,2026-06-19 14:53:30,2026-06-19 16:23:30,90,25.66233,85.14466,148.4,27.73,11.55,299
S000300,Karnataka,Chikkamagaluru,Chikkamagaluru,2026-06-19 12:11:33,2026-06-19 13:11:33,60,13.29572,75.75622,352.6,29.34,22.25,300
S000301,West Bengal,Kharagpur,Kharagpur,2026-06-19 06:39:19,2026-06-19 09:09:19,150,22.31865,87.25621,233.6,29.92,5.91,301
S000302,Uttar Pradesh,Kanpur,Kanpur,2026-06-19 13:32:24,2026-06-19 15:32:24,120,26.48256,80.37375,94.2,29.99,14.96,302
S000303,Meghalaya,East Khasi Hills,Shillong,2026-06-19 13:50:29,2026-06-19 15:50:29,120,25.5292,91.90909,8.4,5.36,7.56,303
S000304,Arunachal Pradesh,Papum Pare,Itanagar,2026-06-19 11:43:51,2026-06-19 13:43:51,120,27.06446,93.5977,61.7,11.56,22.28,304
S000305,Sikkim,East Sikkim,Gangtok,2026-06-19 15:14:31,2026-06-19 18:44:31,210,27.3197,88.62185,45.1,13.48,14.93,305
S000306,West Bengal,Howrah,Howrah,2026-06-19 13:54:40,2026-06-19 16:54:40,180,22.54058,88.22387,174.7,13.51,20.97,306
S000307,Maharashtra,Mumbai,Mumbai,2026-06-19 11:05:06,2026-06-19 12:05:06,60,19.04027,72.95751,222.7,10.89,12.69,307
S000308,Kerala,Thiruvananthapuram,Thiruvananthapuram,2026-06-19 00:57:07,2026-06-19 03:57:07,180,8.47331,77.01781,213.3,26.79,11.97,308
S000309,Maharashtra,Mumbai,Mumbai,2026-06-19 00:20:21,2026-06-19 02:20:21,120,19.14477,72.85443,89.1,14.48,10.81,309
S000310,Madhya Pradesh,Bhopal,Bhopal,2026-06-19 09:56:50,2026-06-19 11:56:50,120,23.2715,77.40806,146.5,31.45,8.55,310
S000311,Odisha,Cuttack,Cuttack,2026-06-19 04:21:12,2026-06-19 06:21:12,120,20.55585,85.86853,218.7,18.46,15.72,311
S000312,Andaman and Nicobar Islands,South Andaman,Port Blair,2026-06-19 10:54:57,2026-06-19 11:54:57,60,11.71838,92.77327,328.2,24.83,12.83,312
S000313,Jharkhand,East Singhbhum,Jamshedpur,2026-06-19 08:55:06,2026-06-19 11:25:06,150,22.82542,86.29967,208.9,27.7,17.91,313
S000314,Kerala,Idukki,Idukki,2026-06-19 04:05:02,2026-06-19 06:05:02,120,9.90599,76.99032,233.2,29.28,17.2,314
S000315,Goa,North Goa,Panaji,2026-06-19 18:24:52,2026-06-19 19:24:52,60,15.4805,73.87287,248.7,26.51,7.5,315
S000316,Andhra Pradesh,Vijayawada,Vijayawada,2026-06-19 17:09:18,2026-06-19 18:39:18,90,16.50963,80.59291,271.3,21.94,12.46,316
S000317,Jharkhand,East Singhbhum,Jamshedpur,2026-06-19 14:03:57,2026-06-19 15:33:57,90,22.75907,86.22119,81.4,33.77,22.99,317
S000318,Mizoram,Lunglei,Lunglei,2026-06-19 12:31:01,2026-06-19 14:31:01,120,22.9133,92.68637,293.7,20.7,7.75,318
S000319,Sikkim,East Sikkim,Gangtok,2026-06-19 17:08:08,2026-06-19 19:08:08,120,27.36421,88.57302,345.3,32.4,9.1,319
S000320,Assam,Nagaon,Nagaon,2026-06-19 22:40:11,2026-06-20 00:40:11,120,26.30242,92.75743,186.2,14.51,8.03,320
S000321,Chhattisgarh,Raipur,Raipur,2026-06-19 18:38:00,2026-06-19 21:38:00,180,21.23504,81.54959,90.9,5.65,5.75,321
S000322,Karnataka,Shivamogga,Shivamogga,2026-06-19 02:32:22,2026-06-19 05:02:22,150,13.95457,75.57336,106.8,5.66,12.75,322
S000323,Tamil Nadu,Nilgiris,Ooty,2026-06-19 10:58:20,2026-06-19 12:58:20,120,11.41523,76.69898,1.0,32.49,18.98,323
S000324,Kerala,Thiruvananthapuram,Thiruvananthapuram,2026-06-19 15:22:56,2026-06-19 18:22:56,180,8.53703,76.95963,78.8,30.93,6.27,324
S000325,Uttarakhand,Dehradun,Dehradun,2026-06-19 01:47:34,2026-06-19 04:17:34,150,30.31526,78.05446,11.5,23.68,8.36,325
S000326,West Bengal,Howrah,Howrah,2026-06-19 08:04:55,2026-06-19 10:34:55,150,22.60003,88.25184,32.2,7.72,22.03,326
S000327,Karnataka,Chikkamagaluru,Chikkamagaluru,2026-06-19 18:20:38,2026-06-19 19:20:38,60,13.25826,75.74847,134.0,17.86,18.33,327
S000328,Maharashtra,Amravati,Amravati,2026-06-19 09:26:16,2026-06-19 11:26:16,120,21.01827,77.82887,168.9,22.07,11.62,328
S000329,Kerala,Idukki,Idukki,2026-06-19 23:31:31,2026-06-20 02:31:31,180,9.8818,76.99338,250.4,19.83,4.89,329
S000330,Madhya Pradesh,Jabalpur,Jabalpur,2026-06-19 21:22:34,2026-06-19 23:52:34,150,23.17487,79.98858,78.5,28.4,5.01,330
S000331,Mizoram,Lunglei,Lunglei,2026-06-19 09:16:04,2026-06-19 11:46:04,150,22.83709,92.65419,289.9,23.59,5.76,331
S000332,Assam,Tezpur,Tezpur,2026-06-19 16:01:12,2026-06-19 18:31:12,150,26.73672,92.8056,70.6,34.1,16.02,332
S000333,Karnataka,Chikkamagaluru,Chikkamagaluru,2026-06-19 18:49:26,2026-06-19 20:49:26,120,13.3785,75.81649,292.4,30.64,19.42,333
S000334,Tamil Nadu,Coimbatore,Coimbatore,2026-06-19 20:33:46,2026-06-19 23:33:46,180,11.07497,76.92805,145.6,33.0,19.44,334
S000335,Uttar Pradesh,Gorakhpur,Gorakhpur,2026-06-19 13:10:58,2026-06-19 16:10:58,180,26.79535,83.39325,53.4,29.47,5.12,335
S000336,Uttar Pradesh,Kanpur,Kanpur,2026-06-19 15:43:24,2026-06-19 17:13:24,90,26.46632,80.35062,85.6,33.06,11.26,336
S000337,Telangana,Hyderabad,Hyderabad,2026-06-19 10:44:19,2026-06-19 13:14:19,150,17.38542,78.48666,176.3,32.5,14.25,337
S000338,Assam,Nagaon,Nagaon,2026-06-19 13:48:58,2026-06-19 16:18:58,150,26.28292,92.75358,350.5,27.54,10.33,338
S000339,Assam,Jorhat,Jorhat,2026-06-19 17:37:06,2026-06-19 19:37:06,120,26.72196,94.23839,228.2,25.2,15.86,339
S000340,Madhya Pradesh,Gwalior,Gwalior,2026-06-19 22:45:06,2026-06-19 23:45:06,60,26.18703,78.18747,228.6,31.67,13.87,340
S000341,Uttar Pradesh,Lucknow,Lucknow,2026-06-19 15:13:32,2026-06-19 18:13:32,180,26.83701,80.94396,232.2,8.01,11.92,341
S000342,Madhya Pradesh,Chhindwara,Chhindwara,2026-06-19 17:40:45,2026-06-19 18:40:45,60,21.98728,78.86549,265.5,30.04,14.74,342
S000343,Madhya Pradesh,Chhindwara,Chhindwara,2026-06-19 11:48:35,2026-06-19 13:48:35,120,22.1243,78.92014,125.2,13.03,15.44,343
S000344,Chhattisgarh,Jagdalpur,Jagdalpur,2026-06-19 22:04:51,2026-06-19 23:34:51,90,19.06118,81.96469,93.9,10.93,10.23,344
S000345,Bihar,Darbhanga,Darbhanga,2026-06-19 01:18:30,2026-06-19 04:48:30,210,26.13362,85.85047,348.7,12.74,6.48,345
S000346,Arunachal Pradesh,Lower Subansiri,Ziro,2026-06-19 22:56:08,2026-06-19 23:56:08,60,27.56,93.83719,281.9,28.48,14.61,346
S000347,Arunachal Pradesh,Papum Pare,Itanagar,2026-06-19 09:04:25,2026-06-19 10:04:25,60,26.99365,93.65816,349.0,25.24,4.52,347
S000348,Karnataka,Kalaburagi,Kalaburagi,2026-06-19 01:56:46,2026-06-19 04:56:46,180,17.33954,76.83306,125.6,22.38,3.6,348
S000349,Chandigarh,Chandigarh,Chandigarh,2026-06-19 12:48:24,2026-06-19 15:18:24,150,30.74311,76.7882,218.2,7.45,12.11,349
S000350,Chhattisgarh,Jagdalpur,Jagdalpur,2026-06-19 19:45:28,2026-06-19 21:45:28,120,19.04527,82.11963,259.5,10.24,18.47,350
S000351,Puducherry,Puducherry,Puducherry,2026-06-19 12:51:50,2026-06-19 14:51:50,120,11.95501,79.80482,331.4,22.92,4.98,351
S000352,Uttar Pradesh,Basti,Basti,2026-06-19 21:22:53,2026-06-19 23:52:53,150,26.77313,82.62882,244.9,30.4,7.43,352
S000353,Uttar Pradesh,Azamgarh,Azamgarh,2026-06-19 14:51:01,2026-06-19 18:51:01,240,26.04364,83.28279,351.9,13.74,4.71,353
S000354,Chhattisgarh,Durg,Durg,2026-06-19 23:03:49,2026-06-20 00:33:49,90,21.1924,81.26755,102.7,33.42,13.92,354
S000355,Madhya Pradesh,Indore,Indore,2026-06-19 15:01:16,2026-06-19 18:01:16,180,22.73631,75.8125,126.5,22.82,18.76,355
S000356,Andhra Pradesh,Kurnool,Kurnool,2026-06-19 04:31:17,2026-06-19 05:31:17,60,15.74856,78.0625,0.0,22.91,5.17,356
S000357,Bihar,Patna,Patna,2026-06-19 18:04:09,2026-06-19 19:34:09,90,25.60714,85.14787,330.1,12.06,15.91,357
S000358,Bihar,Muzaffarpur,Muzaffarpur,2026-06-19 18:51:45,2026-06-19 19:51:45,60,26.12543,85.31964,42.9,7.71,15.76,358
S000359,Kerala,Idukki,Idukki,2026-06-19 20:04:24,2026-06-19 21:34:24,90,9.85424,76.96871,72.4,20.26,18.13,359
S000360,Uttar Pradesh,Varanasi,Varanasi,2026-06-19 14:16:20,2026-06-19 15:46:20,90,25.28314,82.93206,327.5,25.67,15.29,360
S000361,Bihar,Bhagalpur,Bhagalpur,2026-06-19 09:14:27,2026-06-19 11:14:27,120,25.32249,86.91122,212.2,11.91,19.35,361
S000362,Telangana,Khammam,Khammam,2026-06-19 09:58:53,2026-06-19 13:28:53,210,17.28671,80.06777,118.6,34.46,21.2,362
S000363,West Bengal,Howrah,Howrah,2026-06-19 14:08:55,2026-06-19 15:38:55,90,22.5972,88.3151,143.8,18.32,11.49,363
S000364,West Bengal,Kolkata,Kolkata,2026-06-19 04:34:27,2026-06-19 07:04:27,150,22.50838,88.29978,23.9,27.82,14.03,364
S000365,Maharashtra,Mumbai,Mumbai,2026-06-19 02:15:22,2026-06-19 04:15:22,120,19.0785,72.87528,187.4,34.78,10.13,365
S000366,Karnataka,Mysuru,Mysuru,2026-06-19 02:30:02,2026-06-19 04:00:02,90,12.27,76.68236,194.6,20.24,9.94,366
S000367,Gujarat,Ahmedabad,Ahmedabad,2026-06-19 08:41:57,2026-06-19 10:11:57,90,23.0089,72.52315,207.0,21.65,10.63,367
S000368,Maharashtra,Chandrapur,Chandrapur,2026-06-19 22:52:56,2026-06-20 01:52:56,180,19.97548,79.36411,18.8,22.5,5.89,368
S000369,Bihar,Gaya,Gaya,2026-06-19 17:45:59,2026-06-19 19:45:59,120,24.72401,85.03144,21.0,13.14,8.24,369
S000370,Madhya Pradesh,Indore,Indore,2026-06-19 22:29:52,2026-06-20 00:29:52,120,22.76937,75.88973,102.5,11.25,10.55,370
S000371,Karnataka,Bengaluru Urban,Bengaluru,2026-06-19 10:02:48,2026-06-19 11:32:48,90,13.07363,77.56937,199.4,33.69,17.83,371
S000372,Madhya Pradesh,Bhopal,Bhopal,2026-06-19 07:50:16,2026-06-19 08:50:16,60,23.25435,77.48206,232.8,14.68,9.47,372
S000373,Mizoram,Lunglei,Lunglei,2026-06-19 18:46:05,2026-06-19 21:16:05,150,22.88442,92.72944,45.7,8.12,17.05,373
S000374,Punjab,Ludhiana,Ludhiana,2026-06-19 17:44:53,2026-06-19 19:44:53,120,30.85379,75.85555,76.0,28.12,13.12,374
S000375,Karnataka,Shivamogga,Shivamogga,2026-06-19 18:59:51,2026-06-19 20:29:51,90,13.99188,75.49412,15.1,6.62,4.08,375
S000376,Bihar,Darbhanga,Darbhanga,2026-06-19 21:37:20,2026-06-20 00:07:20,150,26.07014,85.94175,306.8,9.78,7.37,376
S000377,Arunachal Pradesh,Lower Subansiri,Ziro,2026-06-19 21:47:16,2026-06-19 23:47:16,120,27.61157,93.87326,193.6,20.9,10.72,377
S000378,Kerala,Kozhikode,Kozhikode,2026-06-19 17:48:23,2026-06-19 18:48:23,60,11.32416,75.71049,211.4,8.71,5.31,378
S000379,Maharashtra,Amravati,Amravati,2026-06-19 15:07:33,2026-06-19 17:07:33,120,20.93283,77.78254,142.6,26.69,11.26,379
S000380,Uttar Pradesh,Prayagraj,Prayagraj,2026-06-19 16:53:21,2026-06-19 18:23:21,90,25.45376,81.83681,108.7,32.82,13.15,380
S000381,Odisha,Cuttack,Cuttack,2026-06-19 23:06:42,2026-06-20 01:06:42,120,20.47396,85.8606,54.5,13.08,8.07,381
S000382,West Bengal,Howrah,Howrah,2026-06-19 09:03:14,2026-06-19 11:03:14,120,22.6191,88.26545,295.0,11.17,13.75,382
S000383,Bihar,Gaya,Gaya,2026-06-19 13:08:36,2026-06-19 15:08:36,120,24.82112,84.97858,143.0,31.53,11.93,383
S000384,West Bengal,Jalpaiguri,Jalpaiguri,2026-06-19 17:58:10,2026-06-19 19:28:10,90,26.50722,88.79978,335.2,16.64,6.03,384
S000385,Puducherry,Puducherry,Puducherry,2026-06-19 08:22:37,2026-06-19 10:52:37,150,11.93749,79.81887,113.9,17.25,12.12,385
S000386,Andhra Pradesh,Visakhapatnam,Visakhapatnam,2026-06-19 13:01:34,2026-06-19 16:01:34,180,17.70364,83.22113,37.9,13.72,19.46,386
S000387,Karnataka,Belagavi,Belagavi,2026-06-19 20:04:28,2026-06-19 21:04:28,60,15.86732,74.46038,143.1,23.38,4.37,387
S000388,Manipur,Imphal West,Imphal,2026-06-19 19:26:42,2026-06-19 20:56:42,90,24.83232,94.00698,307.8,24.1,18.75,388
S000389,Meghalaya,East Garo Hills,Williamnagar,2026-06-19 15:52:17,2026-06-19 17:52:17,120,25.47808,90.54319,319.6,18.56,22.83,389
S000390,West Bengal,Malda,Malda,2026-06-19 14:47:55,2026-06-19 16:17:55,90,25.00529,88.14324,326.2,26.29,20.96,390
S000391,Uttarakhand,Dehradun,Dehradun,2026-06-19 04:57:22,2026-06-19 06:57:22,120,30.25286,78.1231,56.6,9.24,15.21,391
S000392,Uttar Pradesh,Basti,Basti,2026-06-19 18:57:05,2026-06-19 19:57:05,60,26.89277,82.7871,179.9,8.7,4.23,392
S000393,Odisha,Khordha,Bhubaneswar,2026-06-19 19:14:31,2026-06-19 21:14:31,120,20.24938,85.77572,339.7,16.86,9.56,393
S000394,Madhya Pradesh,Chhindwara,Chhindwara,2026-06-19 17:55:35,2026-06-19 19:25:35,90,22.05019,79.04278,108.3,29.75,15.86,394
S000395,Kerala,Kozhikode,Kozhikode,2026-06-19 10:02:00,2026-06-19 12:02:00,120,11.19425,75.76827,98.1,12.84,7.66,395
S000396,Uttar Pradesh,Ballia,Ballia,2026-06-19 16:15:50,2026-06-19 18:45:50,150,25.76818,84.08223,104.1,8.18,6.87,396
S000397,Arunachal Pradesh,Lower Subansiri,Ziro,2026-06-19 22:34:14,2026-06-20 00:04:14,90,27.56887,93.89069,210.5,22.33,4.66,397
S000398,Nagaland,Mokokchung,Mokokchung,2026-06-19 16:45:01,2026-06-19 18:15:01,90,26.40068,94.5112,243.9,27.94,8.4,398
S000399,West Bengal,Malda,Malda,2026-06-19 23:53:12,2026-06-20 01:23:12,90,24.94128,88.10252,232.1,8.61,18.51,399
S000400,Gujarat,Vadodara,Vadodara,2026-06-19 15:08:36,2026-06-19 18:38:36,210,22.37763,73.19684,30.9,22.88,7.1,400
S000401,Sikkim,East Sikkim,Gangtok,2026-06-19 10:19:44,2026-06-19 11:49:44,90,27.3238,88.51028,46.2,28.74,10.44,401
S000402,Kerala,Wayanad,Kalpetta,2026-06-19 10:33:19,2026-06-19 14:03:19,210,11.60578,76.00167,25.5,18.66,22.71,402
S000403,Odisha,Khordha,Bhubaneswar,2026-06-19 15:25:22,2026-06-19 16:25:22,60,20.34014,85.88598,161.8,17.57,5.03,403
S000404,Kerala,Thiruvananthapuram,Thiruvananthapuram,2026-06-19 19:56:53,2026-06-19 22:26:53,150,8.46701,76.84894,231.8,19.25,6.56,404
S000405,Uttar Pradesh,Azamgarh,Azamgarh,2026-06-19 17:30:39,2026-06-19 18:30:39,60,26.06174,83.11514,298.0,11.99,18.65,405
S000406,Chhattisgarh,Ambikapur,Ambikapur,2026-06-19 08:44:34,2026-06-19 11:14:34,150,23.07685,83.14119,287.4,31.13,4.61,406
S000407,Maharashtra,Gondia,Gondia,2026-06-19 04:31:30,2026-06-19 06:31:30,120,21.5014,80.25073,295.6,32.53,10.65,407
S000408,West Bengal,Jalpaiguri,Jalpaiguri,2026-06-19 11:20:28,2026-06-19 12:20:28,60,26.5135,88.73817,56.5,26.04,6.88,408
S000409,Mizoram,Aizawl,Aizawl,2026-06-19 15:44:20,2026-06-19 18:14:20,150,23.78975,92.73213,354.7,31.8,17.61,409
S000410,Chhattisgarh,Durg,Durg,2026-06-19 11:34:15,2026-06-19 14:04:15,150,21.1766,81.19569,258.7,15.1,10.53,410
S000411,Chhattisgarh,Ambikapur,Ambikapur,2026-06-19 19:00:31,2026-06-19 20:30:31,90,23.1118,83.17035,138.2,34.93,19.21,411
S000412,Telangana,Warangal,Warangal,2026-06-19 20:32:11,2026-06-20 00:32:11,240,18.01828,79.6146,312.6,5.09,3.86,412
S000413,Arunachal Pradesh,Papum Pare,Itanagar,2026-06-19 12:21:47,2026-06-19 14:21:47,120,27.08223,93.63161,198.9,17.44,9.63,413
S000414,Assam,Nagaon,Nagaon,2026-06-19 17:00:05,2026-06-19 19:30:05,150,26.35776,92.69307,74.9,32.08,18.14,414
S000415,Maharashtra,Aurangabad,Chhatrapati Sambhajinagar,2026-06-19 22:55:31,2026-06-19 23:55:31,60,19.88664,75.34387,232.6,27.07,12.73,415
S000416,Madhya Pradesh,Balaghat,Balaghat,2026-06-19 17:25:13,2026-06-19 19:55:13,150,21.73399,80.19409,76.4,29.13,16.34,416
S000417,Assam,Jorhat,Jorhat,2026-06-19 07:33:33,2026-06-19 10:03:33,150,26.73013,94.17937,326.6,30.58,18.96,417
S000418,West Bengal,Bardhaman,Bardhaman,2026-06-19 07:00:39,2026-06-19 08:30:39,90,23.13818,87.88914,43.1,8.73,17.94,418
S000419,Assam,Tezpur,Tezpur,2026-06-19 22:22:32,2026-06-20 00:52:32,150,26.542,92.76058,192.3,12.87,8.06,419
S000420,Kerala,Wayanad,Kalpetta,2026-06-19 12:15:27,2026-06-19 13:45:27,90,11.61748,76.05382,140.8,25.01,17.23,420
S000421,Arunachal Pradesh,Papum Pare,Itanagar,2026-06-19 15:26:59,2026-06-19 17:56:59,150,27.07319,93.53641,244.0,24.52,14.55,421
S000422,Uttar Pradesh,Prayagraj,Prayagraj,2026-06-19 14:57:23,2026-06-19 16:57:23,120,25.42347,81.83363,83.5,14.02,17.13,422
S000423,Manipur,Imphal West,Imphal,2026-06-19 09:04:37,2026-06-19 11:04:37,120,24.80782,93.87834,36.3,14.37,20.39,423
S000424,Kerala,Thrissur,Thrissur,2026-06-19 11:19:59,2026-06-19 12:19:59,60,10.47186,76.12955,12.2,6.33,20.69,424
S000425,Kerala,Idukki,Idukki,2026-06-19 10:10:07,2026-06-19 11:10:07,60,9.88675,76.93777,282.9,27.23,8.09,425
S000426,Kerala,Wayanad,Kalpetta,2026-06-19 01:08:21,2026-06-19 04:38:21,210,11.67051,76.03783,250.1,5.96,11.79,426
S000427,Kerala,Thiruvananthapuram,Thiruvananthapuram,2026-06-19 23:53:32,2026-06-20 03:23:32,210,8.5273,77.01518,70.3,6.42,7.15,427
S000428,Maharashtra,Mumbai,Mumbai,2026-06-19 09:09:01,2026-06-19 10:09:01,60,19.07132,72.8297,98.3,31.14,6.59,428
S000429,Bihar,Purnia,Purnia,2026-06-19 20:02:28,2026-06-19 21:32:28,90,25.78267,87.45566,27.1,28.45,7.22,429
S000430,Tamil Nadu,Coimbatore,Coimbatore,2026-06-19 15:30:35,2026-06-19 16:00:35,30,11.12265,76.96741,21.0,12.67,14.57,430
S000431,Madhya Pradesh,Bhopal,Bhopal,2026-06-19 18:40:08,2026-06-19 20:40:08,120,23.25771,77.45902,124.0,20.55,8.82,431
S000432,Uttar Pradesh,Varanasi,Varanasi,2026-06-19 12:37:21,2026-06-19 15:07:21,150,25.29609,82.99464,41.5,22.64,4.82,432
S000433,Maharashtra,Chandrapur,Chandrapur,2026-06-19 21:32:10,2026-06-19 23:32:10,120,19.8803,79.26901,156.5,32.32,12.92,433
S000434,West Bengal,Bardhaman,Bardhaman,2026-06-19 17:53:05,2026-06-19 20:53:05,180,23.28911,87.85429,207.1,28.13,9.98,434
S000435,Chandigarh,Chandigarh,Chandigarh,2026-06-19 04:39:28,2026-06-19 07:09:28,150,30.70614,76.83692,89.8,25.25,8.8,435
S000436,Delhi,New Delhi,Delhi,2026-06-19 20:28:07,2026-06-19 22:58:07,150,28.68491,77.20582,68.6,20.19,9.94,436
S000437,Karnataka,Dakshina Kannada,Mangaluru,2026-06-19 10:10:51,2026-06-19 12:40:51,150,12.87692,74.9408,323.4,8.54,8.87,437
S000438,Jammu and Kashmir,Leh-adjoining,Drass,2026-06-19 15:47:09,2026-06-19 17:17:09,90,34.43429,75.74227,170.8,7.7,5.65,438
S000439,Bihar,Purnia,Purnia,2026-06-19 00:06:38,2026-06-19 01:06:38,60,25.81942,87.53411,85.9,34.15,11.37,439
S000440,Andaman and Nicobar Islands,South Andaman,Port Blair,2026-06-19 17:19:00,2026-06-19 19:49:00,150,11.62246,92.68053,73.3,9.51,13.91,440
S000441,Andhra Pradesh,Tirupati,Tirupati,2026-06-19 12:18:58,2026-06-19 13:48:58,90,13.72406,79.46662,255.4,19.63,5.4,441
S000442,West Bengal,Kolkata,Kolkata,2026-06-19 18:26:03,2026-06-19 19:56:03,90,22.48412,88.35045,258.6,19.66,11.53,442
S000443,Bihar,Patna,Patna,2026-06-19 13:19:37,2026-06-19 15:49:37,150,25.60014,85.06135,254.1,24.31,22.02,443
S000444,Uttar Pradesh,Lucknow,Lucknow,2026-06-19 19:28:01,2026-06-19 20:28:01,60,26.93701,80.89708,357.0,20.78,16.5,444
S000445,Kerala,Thiruvananthapuram,Thiruvananthapuram,2026-06-19 19:51:43,2026-06-19 22:21:43,150,8.55982,76.88616,229.8,34.51,10.05,445
S000446,Arunachal Pradesh,Lower Subansiri,Ziro,2026-06-19 03:32:10,2026-06-19 05:02:10,90,27.56407,93.81695,159.2,27.05,6.89,446
S000447,Maharashtra,Aurangabad,Chhatrapati Sambhajinagar,2026-06-19 17:42:04,2026-06-19 20:12:04,150,19.81202,75.34893,64.1,6.71,18.04,447
S000448,Meghalaya,West Khasi Hills,Nongstoin,2026-06-19 15:41:12,2026-06-19 17:41:12,120,25.46438,91.21607,230.7,28.23,4.81,448
S000449,Maharashtra,Mumbai,Mumbai,2026-06-19 16:18:33,2026-06-19 17:18:33,60,19.02452,72.86791,337.6,33.03,3.59,449
S000450,Maharashtra,Gondia,Gondia,2026-06-19 01:47:59,2026-06-19 03:17:59,90,21.52363,80.22686,167.2,31.35,6.15,450
S000451,Madhya Pradesh,Gwalior,Gwalior,2026-06-19 06:02:18,2026-06-19 08:02:18,120,26.24789,78.0725,117.3,10.68,10.43,451
S000452,Puducherry,Puducherry,Puducherry,2026-06-19 18:16:47,2026-06-19 20:16:47,120,12.00032,79.86506,312.7,28.68,11.57,452
S000453,Chhattisgarh,Bilaspur,Bilaspur,2026-06-19 07:30:34,2026-06-19 09:00:34,90,22.10242,82.13476,33.4,11.91,22.11,453
S000454,Tripura,West Tripura,Agartala,2026-06-19 11:08:38,2026-06-19 13:08:38,120,23.78104,91.20537,188.8,28.33,21.97,454
S000455,Bihar,Gaya,Gaya,2026-06-19 21:57:33,2026-06-19 22:57:33,60,24.85314,84.9848,56.2,20.97,16.61,455
S000456,Tripura,West Tripura,Agartala,2026-06-19 17:50:55,2026-06-19 19:50:55,120,23.84252,91.28719,121.3,13.12,19.69,456
S000457,Sikkim,East Sikkim,Gangtok,2026-06-19 22:09:54,2026-06-19 23:39:54,90,27.26886,88.53952,208.9,33.13,15.84,457
S000458,Andhra Pradesh,Kurnool,Kurnool,2026-06-19 14:07:59,2026-06-19 17:07:59,180,15.84441,78.05576,259.1,26.96,13.49,458
S000459,Haryana,Gurugram,Gurugram,2026-06-19 13:03:36,2026-06-19 15:03:36,120,28.4999,77.13927,282.7,31.31,12.6,459
S000460,Uttarakhand,Nainital,Nainital,2026-06-19 17:24:03,2026-06-19 18:24:03,60,29.40753,79.46844,50.7,22.29,13.22,460
S000461,Uttar Pradesh,Gorakhpur,Gorakhpur,2026-06-19 11:05:41,2026-06-19 13:35:41,150,26.72241,83.32841,89.6,12.45,22.3,461
S000462,Tamil Nadu,Nilgiris,Ooty,2026-06-19 07:47:37,2026-06-19 10:17:37,150,11.43653,76.77498,17.8,10.17,18.03,462
S000463,Kerala,Thiruvananthapuram,Thiruvananthapuram,2026-06-19 21:37:58,2026-06-19 23:07:58,90,8.53603,76.91534,61.1,27.97,15.09,463
S000464,Arunachal Pradesh,West Kameng,Bomdila,2026-06-19 23:50:59,2026-06-20 01:50:59,120,27.32168,92.41133,256.0,12.21,11.29,464
S000465,Uttar Pradesh,Basti,Basti,2026-06-19 13:35:51,2026-06-19 15:05:51,90,26.8072,82.84653,62.8,13.85,16.04,465
S000466,Bihar,Bhagalpur,Bhagalpur,2026-06-19 00:18:48,2026-06-19 02:18:48,120,25.14361,87.02707,220.1,28.71,22.13,466
S000467,Karnataka,Dakshina Kannada,Mangaluru,2026-06-19 18:12:26,2026-06-19 19:42:26,90,12.91798,74.84326,329.8,15.04,3.95,467
S000468,Mizoram,Lunglei,Lunglei,2026-06-19 08:58:45,2026-06-19 11:58:45,180,22.90768,92.73209,204.8,6.76,5.12,468
S000469,Odisha,Balasore,Balasore,2026-06-19 15:46:25,2026-06-19 16:46:25,60,21.54363,86.89559,15.5,22.95,8.6,469
S000470,Uttarakhand,Nainital,Nainital,2026-06-19 22:53:50,2026-06-20 01:23:50,150,29.44977,79.40504,148.1,27.54,14.51,470
S000471,Assam,Jorhat,Jorhat,2026-06-19 12:20:45,2026-06-19 13:50:45,90,26.7607,94.2096,269.1,32.78,12.69,471
S000472,Andhra Pradesh,Kurnool,Kurnool,2026-06-19 11:58:50,2026-06-19 13:58:50,120,15.77684,77.9437,142.3,29.91,6.16,472
S000473,Karnataka,Dakshina Kannada,Mangaluru,2026-06-19 23:28:57,2026-06-20 01:28:57,120,12.91385,74.85346,101.8,26.56,23.37,473
S000474,Gujarat,Kutch,Bhuj,2026-06-19 12:59:39,2026-06-19 14:59:39,120,23.14875,69.63634,341.0,14.1,4.07,474
S000475,Karnataka,Bengaluru Urban,Bengaluru,2026-06-19 12:31:52,2026-06-19 14:01:52,90,12.95465,77.4879,315.6,15.44,21.78,475
S000476,Punjab,Ludhiana,Ludhiana,2026-06-19 15:23:48,2026-06-19 17:23:48,120,30.92504,75.83993,95.0,17.29,4.12,476
S000477,Uttar Pradesh,Gorakhpur,Gorakhpur,2026-06-19 01:00:00,2026-06-19 03:00:00,120,26.72775,83.3587,358.6,10.27,15.68,477
S000478,Bihar,Bhagalpur,Bhagalpur,2026-06-19 16:26:03,2026-06-19 18:56:03,150,25.2571,87.04164,305.4,15.61,18.62,478
S000479,Arunachal Pradesh,Lower Subansiri,Ziro,2026-06-19 18:23:24,2026-06-19 19:53:24,90,27.52777,93.84945,18.7,7.7,17.88,479
S000480,Karnataka,Bengaluru Urban,Bengaluru,2026-06-19 13:30:21,2026-06-19 15:00:21,90,13.02609,77.61961,268.7,15.65,12.86,480
S000481,Telangana,Khammam,Khammam,2026-06-19 03:56:35,2026-06-19 06:56:35,180,17.19974,80.22197,319.6,13.08,20.98,481
S000482,Andhra Pradesh,Visakhapatnam,Visakhapatnam,2026-06-19 07:29:13,2026-06-19 09:29:13,120,17.67497,83.22417,249.3,17.14,12.57,482
S000483,Jharkhand,Ranchi,Ranchi,2026-06-19 19:31:09,2026-06-19 21:31:09,120,23.30548,85.29595,258.0,12.88,7.79,483
S000484,Kerala,Thrissur,Thrissur,2026-06-19 09:23:33,2026-06-19 12:23:33,180,10.51784,76.20214,280.5,14.88,20.33,484
S000485,Odisha,Balasore,Balasore,2026-06-19 21:38:23,2026-06-19 22:38:23,60,21.51187,86.96195,193.0,33.5,17.78,485
S000486,Chhattisgarh,Jagdalpur,Jagdalpur,2026-06-19 17:14:28,2026-06-19 19:44:28,150,19.08231,82.03135,329.2,10.86,10.89,486
S000487,Kerala,Ernakulam,Kochi,2026-06-19 15:42:07,2026-06-19 17:12:07,90,9.9101,76.24583,242.4,11.0,23.27,487
S000488,Tripura,West Tripura,Agartala,2026-06-19 03:16:32,2026-06-19 05:16:32,120,23.83376,91.30567,72.4,33.47,17.73,488
S000489,Uttar Pradesh,Prayagraj,Prayagraj,2026-06-19 08:29:07,2026-06-19 10:29:07,120,25.41126,81.81616,13.6,33.91,19.05,489
S000490,Jharkhand,Hazaribagh,Hazaribagh,2026-06-19 22:22:18,2026-06-20 00:22:18,120,24.03732,85.25902,284.5,21.8,5.54,490
S000491,Odisha,Berhampur,Berhampur,2026-06-19 03:14:50,2026-06-19 05:44:50,150,19.31451,84.80384,143.1,5.31,10.08,491
S000492,Kerala,Idukki,Idukki,2026-06-19 02:50:18,2026-06-19 04:20:18,90,9.89906,77.05892,240.0,25.76,11.11,492
S000493,Uttar Pradesh,Basti,Basti,2026-06-19 16:22:30,2026-06-19 17:52:30,90,26.88326,82.77148,90.4,32.85,17.82,493
S000494,Odisha,Berhampur,Berhampur,2026-06-19 21:39:15,2026-06-19 23:09:15,90,19.38161,84.78438,216.6,17.99,8.86,494
S000495,Rajasthan,Bikaner,Bikaner,2026-06-19 18:33:42,2026-06-19 22:03:42,210,28.09705,73.23755,198.4,12.57,14.33,495
S000496,Bihar,Gaya,Gaya,2026-06-19 06:48:45,2026-06-19 09:18:45,150,24.75132,85.09594,85.2,25.7,17.83,496
S000497,West Bengal,Kharagpur,Kharagpur,2026-06-19 00:36:54,2026-06-19 03:06:54,150,22.36754,87.18789,197.8,18.23,4.28,497
S000498,Jharkhand,Deoghar,Deoghar,2026-06-19 07:50:53,2026-06-19 10:50:53,180,24.47741,86.72139,37.8,24.68,21.33,498
S000499,Bihar,Purnia,Purnia,2026-06-19 16:28:18,2026-06-19 17:58:18,90,25.76699,87.48326,269.1,15.36,5.54,499
S000500,Odisha,Balasore,Balasore,2026-06-19 12:01:37,2026-06-19 14:01:37,120,21.47943,86.91777,258.6,25.48,9.52,500
S000501,Tamil Nadu,Madurai,Madurai,2026-06-19 03:45:50,2026-06-19 05:45:50,120,10.01432,78.16453,122.6,34.97,11.36,501
S000502,Madhya Pradesh,Indore,Indore,2026-06-19 13:28:29,2026-06-19 14:28:29,60,22.65429,75.8702,75.4,12.16,19.55,502
S000503,Kerala,Ernakulam,Kochi,2026-06-19 23:18:56,2026-06-20 00:48:56,90,9.93671,76.32428,16.1,9.21,9.62,503
S000504,Chhattisgarh,Jagdalpur,Jagdalpur,2026-06-19 09:01:26,2026-06-19 10:31:26,90,18.9936,82.091,18.9,18.35,6.83,504
S000505,Karnataka,Shivamogga,Shivamogga,2026-06-19 00:49:59,2026-06-19 01:49:59,60,13.93628,75.56587,197.1,25.96,3.87,505
S000506,West Bengal,Jalpaiguri,Jalpaiguri,2026-06-19 14:11:56,2026-06-19 15:41:56,90,26.52208,88.75846,243.2,5.24,21.41,506
S000507,West Bengal,Malda,Malda,2026-06-19 17:26:57,2026-06-19 19:56:57,150,25.00638,88.05987,84.4,32.97,20.33,507
S000508,Meghalaya,East Garo Hills,Williamnagar,2026-06-19 17:36:15,2026-06-19 20:36:15,180,25.51805,90.60909,286.2,11.68,19.56,508
S000509,Gujarat,Kutch,Gandhidham,2026-06-19 04:04:32,2026-06-19 07:04:32,180,23.01846,70.04558,157.3,17.52,3.91,509
S000510,Kerala,Wayanad,Kalpetta,2026-06-19 11:07:09,2026-06-19 13:07:09,120,11.54428,76.02424,357.2,13.13,11.98,510
S000511,Maharashtra,Mumbai,Mumbai,2026-06-19 19:46:33,2026-06-19 21:16:33,90,19.02263,72.8957,130.8,22.05,10.94,511
S000512,West Bengal,Howrah,Howrah,2026-06-19 02:03:14,2026-06-19 03:03:14,60,22.59458,88.22745,297.9,31.25,13.81,512
S000513,Maharashtra,Pune,Pune,2026-06-19 12:24:55,2026-06-19 13:24:55,60,18.58712,73.81441,127.4,9.01,7.79,513
S000514,Madhya Pradesh,Bhopal,Bhopal,2026-06-19 19:25:22,2026-06-19 21:25:22,120,23.16489,77.42402,151.5,26.94,5.65,514
S000515,Telangana,Hyderabad,Hyderabad,2026-06-19 04:35:04,2026-06-19 07:05:04,150,17.38603,78.49184,26.0,25.09,8.35,515
S000516,Odisha,Khordha,Bhubaneswar,2026-06-19 21:39:30,2026-06-20 00:09:30,150,20.24281,85.92402,341.5,26.09,6.49,516
S000517,Telangana,Karimnagar,Karimnagar,2026-06-19 08:49:41,2026-06-19 11:49:41,180,18.46542,79.14311,249.3,14.74,12.88,517
S000518,West Bengal,Kharagpur,Kharagpur,2026-06-19 04:02:18,2026-06-19 05:32:18,90,22.39292,87.24418,263.7,34.58,17.71,518
S000519,Assam,Dibrugarh,Dibrugarh,2026-06-19 10:46:47,2026-06-19 11:46:47,60,27.43766,94.8968,6.1,14.21,20.53,519
S000520,Andhra Pradesh,Tirupati,Tirupati,2026-06-19 23:42:16,2026-06-20 02:42:16,180,13.61699,79.43047,71.4,15.92,8.03,520
S000521,Madhya Pradesh,Chhindwara,Chhindwara,2026-06-19 13:46:06,2026-06-19 15:16:06,90,21.95351,78.96746,338.5,33.32,4.3,521
S000522,Jharkhand,Bokaro,Bokaro Steel City,2026-06-19 13:09:54,2026-06-19 15:39:54,150,23.67485,86.09065,169.4,29.89,22.22,522
S000523,Telangana,Warangal,Warangal,2026-06-19 16:23:39,2026-06-19 18:23:39,120,18.00984,79.629,351.7,25.72,6.52,523
S000524,Arunachal Pradesh,Papum Pare,Itanagar,2026-06-19 22:20:23,2026-06-19 23:20:23,60,27.03128,93.55269,248.4,21.52,20.82,524
S000525,Rajasthan,Jaipur,Jaipur,2026-06-19 12:21:28,2026-06-19 13:51:28,90,26.8513,75.70646,34.6,6.72,12.63,525
S000526,Meghalaya,East Garo Hills,Williamnagar,2026-06-19 12:35:47,2026-06-19 15:05:47,150,25.57349,90.55507,72.8,13.5,15.62,526
S000527,West Bengal,Bardhaman,Bardhaman,2026-06-19 22:34:22,2026-06-19 23:34:22,60,23.24564,87.96737,15.6,17.03,11.0,527
S000528,Maharashtra,Mumbai,Mumbai,2026-06-19 18:45:33,2026-06-19 19:15:33,30,19.11906,72.97769,42.3,16.8,12.35,528
S000529,Bihar,Gaya,Gaya,2026-06-19 17:09:31,2026-06-19 18:39:31,90,24.7882,84.9969,57.3,16.54,20.04,529
S000530,Madhya Pradesh,Gwalior,Gwalior,2026-06-19 19:50:35,2026-06-19 23:50:35,240,26.22515,78.13085,31.2,9.94,3.8,530
S000531,Nagaland,Kohima,Kohima,2026-06-19 17:08:28,2026-06-19 18:08:28,60,25.63772,94.17331,244.6,15.06,14.97,531
S000532,Uttarakhand,Dehradun,Dehradun,2026-06-19 23:04:17,2026-06-20 00:34:17,90,30.34564,78.0776,195.8,17.86,5.22,532
S000533,Meghalaya,East Garo Hills,Williamnagar,2026-06-19 11:18:58,2026-06-19 14:48:58,210,25.39482,90.64116,346.0,13.42,14.92,533
S000534,Maharashtra,Amravati,Amravati,2026-06-19 07:01:25,2026-06-19 09:01:25,120,20.90248,77.85865,355.3,31.82,21.7,534
S000535,Odisha,Rourkela,Rourkela,2026-06-19 14:24:14,2026-06-19 15:24:14,60,22.28914,84.93035,115.0,9.12,8.74,535
S000536,Gujarat,Vadodara,Vadodara,2026-06-19 20:54:03,2026-06-19 22:24:03,90,22.39174,73.14429,40.7,9.4,11.41,536
S000537,Gujarat,Surat,Surat,2026-06-19 15:29:56,2026-06-19 17:29:56,120,21.23326,72.82248,301.7,18.23,5.33,537
S000538,Maharashtra,Amravati,Amravati,2026-06-19 15:07:32,2026-06-19 16:37:32,90,20.92952,77.85406,110.0,29.68,3.96,538
S000539,Karnataka,Belagavi,Belagavi,2026-06-19 09:19:59,2026-06-19 12:19:59,180,15.79736,74.4582,88.7,24.38,17.85,539
S000540,Odisha,Sambalpur,Sambalpur,2026-06-19 11:32:38,2026-06-19 14:32:38,180,21.53027,84.03369,130.9,15.77,20.73,540
S000541,Madhya Pradesh,Chhindwara,Chhindwara,2026-06-19 08:57:00,2026-06-19 09:57:00,60,22.05827,78.89247,299.6,13.82,15.09,541
S000542,Jharkhand,East Singhbhum,Jamshedpur,2026-06-19 21:25:46,2026-06-19 23:25:46,120,22.85579,86.20192,35.8,13.3,5.23,542
S000543,Arunachal Pradesh,West Kameng,Bomdila,2026-06-19 17:49:37,2026-06-19 21:19:37,210,27.29395,92.47783,255.0,8.53,13.34,543
S000544,Madhya Pradesh,Jabalpur,Jabalpur,2026-06-19 19:21:22,2026-06-19 21:21:22,120,23.09668,80.0052,107.2,25.95,7.69,544
S000545,West Bengal,Bardhaman,Bardhaman,2026-06-19 08:32:00,2026-06-19 10:02:00,90,23.16427,87.82503,243.5,29.64,19.95,545
S000546,Maharashtra,Aurangabad,Chhatrapati Sambhajinagar,2026-06-19 15:50:07,2026-06-19 17:50:07,120,19.8837,75.34622,163.6,14.9,9.07,546
S000547,Assam,Nagaon,Nagaon,2026-06-19 14:46:41,2026-06-19 15:46:41,60,26.40403,92.62784,184.0,27.25,20.96,547
S000548,Maharashtra,Kolhapur,Kolhapur,2026-06-19 20:24:51,2026-06-19 21:24:51,60,16.68673,74.22506,228.0,14.43,5.44,548
S000549,West Bengal,Jalpaiguri,Jalpaiguri,2026-06-19 09:51:59,2026-06-19 12:51:59,180,26.50826,88.70645,251.5,17.52,8.6,549
S000550,Arunachal Pradesh,Papum Pare,Itanagar,2026-06-19 00:58:03,2026-06-19 02:58:03,120,27.09549,93.61172,182.2,29.98,19.13,550
S000551,Assam,Kamrup Metropolitan,Guwahati,2026-06-19 13:58:42,2026-06-19 16:28:42,150,26.04764,91.75911,148.5,14.21,12.77,551
S000552,Nagaland,Mokokchung,Mokokchung,2026-06-19 15:04:39,2026-06-19 16:04:39,60,26.33817,94.48535,196.9,6.45,15.74,552
S000553,Madhya Pradesh,Indore,Indore,2026-06-19 12:20:20,2026-06-19 15:50:20,210,22.64636,75.93737,319.3,29.82,12.41,553
S000554,Uttar Pradesh,Gorakhpur,Gorakhpur,2026-06-19 20:27:57,2026-06-19 21:27:57,60,26.73211,83.41871,236.8,30.12,14.89,554
S000555,Meghalaya,West Khasi Hills,Nongstoin,2026-06-20 17:56:17,2026-06-20 18:56:17,60,25.5093,91.24811,234.1,24.18,21.55,555
S000556,Assam,Tezpur,Tezpur,2026-06-20 20:50:05,2026-06-20 22:20:05,90,26.68011,92.86655,160.5,16.51,17.36,556
S000557,Karnataka,Dakshina Kannada,Mangaluru,2026-06-20 18:52:46,2026-06-20 20:22:46,90,12.97268,74.8699,337.2,30.63,6.65,557
S000558,Bihar,Muzaffarpur,Muzaffarpur,2026-06-20 21:11:08,2026-06-21 01:11:08,240,26.07826,85.27573,293.3,33.99,20.54,558
S000559,Odisha,Sambalpur,Sambalpur,2026-06-20 07:42:07,2026-06-20 10:12:07,150,21.4184,84.04159,47.7,29.9,17.53,559
S000560,Nagaland,Kohima,Kohima,2026-06-20 22:53:14,2026-06-21 00:53:14,120,25.62165,94.08857,335.6,25.35,4.08,560
S000561,Karnataka,Bengaluru Urban,Bengaluru,2026-06-20 21:45:54,2026-06-21 01:15:54,210,12.90985,77.63446,181.5,29.9,12.78,561
S000562,Madhya Pradesh,Gwalior,Gwalior,2026-06-20 15:01:02,2026-06-20 16:31:02,90,26.27241,78.18015,53.6,5.39,8.45,562
S000563,Sikkim,East Sikkim,Gangtok,2026-06-20 10:19:08,2026-06-20 12:19:08,120,27.31184,88.65004,65.0,21.06,8.53,563
S000564,Odisha,Cuttack,Cuttack,2026-06-20 12:53:28,2026-06-20 14:23:28,90,20.53293,85.83227,203.3,16.5,17.6,564
S000565,Jharkhand,Ranchi,Ranchi,2026-06-20 14:46:58,2026-06-20 17:46:58,180,23.27974,85.28959,28.4,18.79,10.54,565
S000566,Telangana,Khammam,Khammam,2026-06-20 17:33:39,2026-06-20 20:03:39,150,17.25006,80.20811,267.2,16.76,20.39,566
S000567,West Bengal,Jalpaiguri,Jalpaiguri,2026-06-20 22:21:10,2026-06-20 23:51:10,90,26.55299,88.75369,296.5,19.81,8.39,567
S000568,Uttar Pradesh,Varanasi,Varanasi,2026-06-20 13:36:13,2026-06-20 15:06:13,90,25.34001,82.98674,172.2,16.94,13.13,568
S000569,Uttar Pradesh,Prayagraj,Prayagraj,2026-06-20 12:05:46,2026-06-20 14:35:46,150,25.41319,81.83937,266.8,16.71,10.61,569
S000570,Odisha,Berhampur,Berhampur,2026-06-20 09:11:31,2026-06-20 11:41:31,150,19.32831,84.78756,72.3,22.0,20.64,570
S000571,Maharashtra,Gadchiroli,Gadchiroli,2026-06-20 18:26:13,2026-06-20 19:26:13,60,20.15729,79.98965,76.8,27.74,8.34,571
S000572,Maharashtra,Chandrapur,Chandrapur,2026-06-20 07:51:43,2026-06-20 08:51:43,60,20.02496,79.37928,227.2,9.55,10.12,572
S000573,Maharashtra,Gadchiroli,Gadchiroli,2026-06-20 22:50:57,2026-06-21 00:50:57,120,20.17216,79.98762,185.6,18.59,8.97,573
S000574,Sikkim,East Sikkim,Gangtok,2026-06-20 15:33:42,2026-06-20 18:03:42,150,27.37717,88.71484,218.8,14.66,9.35,574
S000575,Nagaland,Mokokchung,Mokokchung,2026-06-20 14:24:46,2026-06-20 16:24:46,120,26.31819,94.55143,237.4,28.6,16.13,575
S000576,West Bengal,Darjeeling,Darjeeling,2026-06-20 16:05:38,2026-06-20 17:35:38,90,27.06126,88.2092,100.2,27.62,6.11,576
S000577,West Bengal,Jalpaiguri,Jalpaiguri,2026-06-20 08:11:13,2026-06-20 09:41:13,90,26.52968,88.75162,50.1,33.31,12.3,577
S000578,Bihar,Muzaffarpur,Muzaffarpur,2026-06-20 14:20:33,2026-06-20 16:20:33,120,26.16542,85.40253,250.5,18.22,22.35,578
S000579,Goa,North Goa,Panaji,2026-06-20 16:17:09,2026-06-20 17:47:09,90,15.43027,73.77211,243.0,16.0,11.66,579
S000580,West Bengal,Kharagpur,Kharagpur,2026-06-20 14:43:59,2026-06-20 16:43:59,120,22.34578,87.23065,104.8,26.49,7.86,580
S000581,Madhya Pradesh,Bhopal,Bhopal,2026-06-20 13:52:18,2026-06-20 15:22:18,90,23.27056,77.47509,282.0,29.36,14.56,581
S000582,Maharashtra,Amravati,Amravati,2026-06-20 15:34:59,2026-06-20 19:04:59,210,20.98707,77.76655,81.9,28.25,10.45,582
S000583,Telangana,Khammam,Khammam,2026-06-20 14:33:26,2026-06-20 15:33:26,60,17.1598,80.11449,171.7,7.29,9.09,583
S000584,Madhya Pradesh,Chhindwara,Chhindwara,2026-06-20 20:14:01,2026-06-20 21:44:01,90,22.10468,78.99777,98.9,15.0,15.68,584
S000585,Haryana,Gurugram,Gurugram,2026-06-20 02:42:57,2026-06-20 05:12:57,150,28.41485,77.07534,132.7,13.38,14.59,585
S000586,Odisha,Khordha,Bhubaneswar,2026-06-20 12:02:20,2026-06-20 14:02:20,120,20.34717,85.76263,63.5,9.88,5.49,586
S000587,Puducherry,Puducherry,Puducherry,2026-06-20 16:43:22,2026-06-20 19:13:22,150,11.93458,79.82116,28.4,10.32,6.77,587
S000588,Kerala,Thrissur,Thrissur,2026-06-20 19:46:39,2026-06-20 21:46:39,120,10.59692,76.2105,196.2,10.86,9.56,588
S000589,Maharashtra,Pune,Pune,2026-06-20 18:04:54,2026-06-20 19:04:54,60,18.51462,73.85276,39.9,23.73,6.99,589
S000590,Uttarakhand,Nainital,Nainital,2026-06-20 08:58:17,2026-06-20 11:28:17,150,29.38763,79.46862,222.8,21.47,3.38,590
S000591,Arunachal Pradesh,West Kameng,Bomdila,2026-06-20 11:23:08,2026-06-20 13:23:08,120,27.18995,92.49173,108.2,29.33,3.93,591
S000592,West Bengal,Bardhaman,Bardhaman,2026-06-20 18:48:06,2026-06-20 21:48:06,180,23.14263,87.86383,64.6,15.42,6.09,592
S000593,Uttar Pradesh,Prayagraj,Prayagraj,2026-06-20 17:10:09,2026-06-20 19:10:09,120,25.48588,81.92577,170.7,32.29,5.34,593
S000594,Mizoram,Lunglei,Lunglei,2026-06-20 20:35:35,2026-06-20 22:05:35,90,22.93365,92.75054,215.7,9.34,18.41,594
S000595,Assam,Jorhat,Jorhat,2026-06-20 09:28:57,2026-06-20 09:58:57,30,26.77312,94.26386,207.8,33.74,21.15,595
S000596,West Bengal,Kolkata,Kolkata,2026-06-20 07:26:59,2026-06-20 09:26:59,120,22.56404,88.35988,306.5,30.72,8.75,596
S000597,Kerala,Thrissur,Thrissur,2026-06-20 11:41:36,2026-06-20 13:41:36,120,10.52598,76.21553,313.1,10.23,17.1,597
S000598,Assam,Dibrugarh,Dibrugarh,2026-06-20 15:40:27,2026-06-20 17:10:27,90,27.47262,94.91403,177.7,33.27,10.24,598
S000599,Nagaland,Dimapur,Dimapur,2026-06-20 10:23:02,2026-06-20 12:23:02,120,25.93089,93.70403,224.0,34.15,19.94,599
S000600,Telangana,Hyderabad,Hyderabad,2026-06-20 19:53:59,2026-06-20 22:53:59,180,17.35775,78.45722,337.3,23.37,15.49,600
S000601,Bihar,Patna,Patna,2026-06-20 02:48:26,2026-06-20 04:18:26,90,25.57256,85.13519,117.8,34.08,17.87,601
S000602,Bihar,Gaya,Gaya,2026-06-20 06:57:10,2026-06-20 08:27:10,90,24.86112,84.95995,211.7,20.27,4.24,602
S000603,Chandigarh,Chandigarh,Chandigarh,2026-06-20 20:51:35,2026-06-20 22:21:35,90,30.8079,76.75735,333.4,20.61,4.06,603
S000604,Meghalaya,Jaintia Hills,Jowai,2026-06-20 04:02:01,2026-06-20 05:32:01,90,25.41469,92.21075,217.6,25.29,11.41,604
S000605,Assam,Kamrup Metropolitan,Guwahati,2026-06-20 18:43:12,2026-06-20 20:13:12,90,26.15395,91.6685,99.0,5.67,20.31,605
S000606,Karnataka,Kalaburagi,Kalaburagi,2026-06-20 22:51:34,2026-06-21 00:51:34,120,17.32977,76.88618,261.6,18.68,14.32,606
S000607,Arunachal Pradesh,West Kameng,Bomdila,2026-06-20 19:11:15,2026-06-20 21:11:15,120,27.28775,92.45838,25.1,10.29,12.21,607
S000608,Maharashtra,Nagpur,Nagpur,2026-06-20 23:10:00,2026-06-21 01:10:00,120,21.17217,79.09145,77.1,18.75,18.66,608
S000609,Odisha,Rourkela,Rourkela,2026-06-20 17:08:14,2026-06-20 19:08:14,120,22.29089,84.78368,17.8,20.46,13.03,609
S000610,Gujarat,Vadodara,Vadodara,2026-06-20 20:13:10,2026-06-20 20:43:10,30,22.29966,73.20489,65.1,9.31,16.26,610
S000611,Bihar,Purnia,Purnia,2026-06-20 14:29:27,2026-06-20 16:29:27,120,25.78177,87.50346,139.0,16.0,7.97,611
S000612,Odisha,Khordha,Bhubaneswar,2026-06-20 21:13:45,2026-06-20 22:43:45,90,20.20266,85.84843,16.4,29.55,7.14,612
S000613,West Bengal,Malda,Malda,2026-06-20 16:35:43,2026-06-20 18:05:43,90,25.04622,88.08451,22.6,8.46,10.96,613
S000614,Assam,Kamrup Metropolitan,Guwahati,2026-06-20 15:54:08,2026-06-20 17:54:08,120,26.21875,91.77232,134.1,19.17,11.87,614
S000615,Maharashtra,Chandrapur,Chandrapur,2026-06-20 14:54:53,2026-06-20 16:54:53,120,19.97917,79.40468,94.3,31.36,7.74,615
S000616,Tamil Nadu,Nilgiris,Ooty,2026-06-20 23:31:13,2026-06-21 01:31:13,120,11.45977,76.72991,96.1,15.46,17.16,616
S000617,Assam,Jorhat,Jorhat,2026-06-20 20:25:50,2026-06-20 21:55:50,90,26.75051,94.21138,297.6,33.66,11.69,617
S000618,Maharashtra,Kolhapur,Kolhapur,2026-06-20 19:12:43,2026-06-20 22:12:43,180,16.6554,74.1733,156.3,21.19,10.29,618
S000619,Odisha,Balasore,Balasore,2026-06-20 16:54:00,2026-06-20 19:24:00,150,21.46937,86.93067,76.9,24.45,5.36,619
S000620,Arunachal Pradesh,Papum Pare,Itanagar,2026-06-20 04:49:19,2026-06-20 06:49:19,120,27.09103,93.56603,82.9,19.36,23.4,620
S000621,Madhya Pradesh,Bhopal,Bhopal,2026-06-20 16:09:42,2026-06-20 19:09:42,180,23.33183,77.41657,99.9,11.56,16.63,621
S000622,Jharkhand,Dhanbad,Dhanbad,2026-06-20 15:58:19,2026-06-20 17:58:19,120,23.84632,86.50305,353.7,10.03,8.18,622
S000623,Jharkhand,East Singhbhum,Jamshedpur,2026-06-20 07:22:40,2026-06-20 10:22:40,180,22.78647,86.19899,173.2,26.43,16.23,623
S000624,Madhya Pradesh,Bhopal,Bhopal,2026-06-20 21:19:59,2026-06-21 00:19:59,180,23.2197,77.37013,97.3,15.67,8.27,624
S000625,Assam,Nagaon,Nagaon,2026-06-20 12:23:11,2026-06-20 13:53:11,90,26.24491,92.69463,306.4,21.29,4.69,625
S000626,Jharkhand,Hazaribagh,Hazaribagh,2026-06-20 10:21:26,2026-06-20 12:21:26,120,23.98554,85.30235,339.5,14.57,18.24,626
S000627,Uttarakhand,Dehradun,Dehradun,2026-06-20 16:00:31,2026-06-20 17:30:31,90,30.22786,78.08202,319.7,27.16,11.73,627
S000628,Assam,Tezpur,Tezpur,2026-06-20 09:52:28,2026-06-20 11:52:28,120,26.64429,92.77279,303.4,14.05,10.94,628
S000629,Maharashtra,Nagpur,Nagpur,2026-06-20 06:15:25,2026-06-20 07:15:25,60,21.15862,79.11622,236.6,21.62,4.49,629
S000630,Kerala,Thiruvananthapuram,Thiruvananthapuram,2026-06-20 16:25:11,2026-06-20 18:55:11,150,8.46219,76.93816,96.5,12.16,8.5,630
S000631,Gujarat,Ahmedabad,Ahmedabad,2026-06-20 08:31:03,2026-06-20 10:01:03,90,23.00246,72.63882,190.9,16.57,10.64,631
S000632,Haryana,Hisar,Hisar,2026-06-20 14:56:00,2026-06-20 15:56:00,60,29.08624,75.71444,234.0,24.29,4.41,632
S000633,Kerala,Thrissur,Thrissur,2026-06-20 19:53:05,2026-06-20 22:23:05,150,10.52063,76.2127,243.9,10.94,12.82,633
S000634,West Bengal,Howrah,Howrah,2026-06-20 11:32:28,2026-06-20 14:02:28,150,22.52419,88.19771,261.2,27.33,14.28,634
S000635,Nagaland,Dimapur,Dimapur,2026-06-20 06:49:15,2026-06-20 08:49:15,120,25.82955,93.76974,11.0,7.33,8.76,635
S000636,Tripura,West Tripura,Agartala,2026-06-20 19:57:09,2026-06-20 21:27:09,90,23.83672,91.30377,283.1,34.77,22.04,636
S000637,Meghalaya,West Khasi Hills,Nongstoin,2026-06-20 04:30:17,2026-06-20 07:30:17,180,25.51734,91.28844,312.0,34.12,9.84,637
S000638,Manipur,Imphal West,Imphal,2026-06-20 19:50:26,2026-06-20 21:20:26,90,24.89645,93.92426,41.8,9.25,11.58,638
S000639,Haryana,Gurugram,Gurugram,2026-06-20 02:13:13,2026-06-20 05:43:13,210,28.52928,77.11308,279.5,30.47,7.72,639
S000640,Kerala,Kannur,Kannur,2026-06-20 07:15:57,2026-06-20 07:45:57,30,11.93962,75.38722,297.5,18.18,21.09,640
S000641,Assam,Dibrugarh,Dibrugarh,2026-06-20 18:42:27,2026-06-20 20:12:27,90,27.42395,94.92564,340.2,6.35,6.65,641
S000642,Bihar,Darbhanga,Darbhanga,2026-06-20 15:45:56,2026-06-20 16:15:56,30,26.11876,85.97862,13.7,17.6,7.97,642
S000643,Jharkhand,East Singhbhum,Jamshedpur,2026-06-20 10:46:11,2026-06-20 12:16:11,90,22.76764,86.20468,25.4,11.96,8.76,643
S000644,Assam,Tezpur,Tezpur,2026-06-20 22:25:23,2026-06-21 01:55:23,210,26.59143,92.82088,177.4,28.85,7.15,644
S000645,Telangana,Khammam,Khammam,2026-06-20 18:58:19,2026-06-20 21:58:19,180,17.30793,80.07277,130.5,16.32,13.43,645
S000646,Jharkhand,Dhanbad,Dhanbad,2026-06-20 17:04:14,2026-06-20 18:34:14,90,23.79581,86.43053,152.9,11.39,9.7,646
S000647,Maharashtra,Amravati,Amravati,2026-06-20 04:27:48,2026-06-20 05:57:48,90,20.91494,77.68419,187.3,25.88,6.51,647
S000648,Uttar Pradesh,Varanasi,Varanasi,2026-06-20 02:18:33,2026-06-20 04:18:33,120,25.3265,82.96242,95.7,22.0,6.61,648
S000649,Uttar Pradesh,Azamgarh,Azamgarh,2026-06-20 22:28:08,2026-06-21 00:58:08,150,26.09915,83.20112,80.8,19.42,6.75,649
S000650,Mizoram,Lunglei,Lunglei,2026-06-20 12:25:09,2026-06-20 13:55:09,90,22.86407,92.8347,277.1,12.47,18.71,650
S000651,Chhattisgarh,Raipur,Raipur,2026-06-20 01:22:10,2026-06-20 04:52:10,210,21.24663,81.70051,173.7,24.92,16.82,651
S000652,Jharkhand,Deoghar,Deoghar,2026-06-20 18:24:04,2026-06-20 20:24:04,120,24.45334,86.69157,79.6,12.89,21.84,652
S000653,Kerala,Wayanad,Kalpetta,2026-06-20 10:28:53,2026-06-20 12:28:53,120,11.61676,76.05334,142.0,13.55,8.61,653
S000654,Meghalaya,East Garo Hills,Williamnagar,2026-06-20 15:12:09,2026-06-20 16:42:09,90,25.51959,90.59947,238.1,34.54,21.59,654
S000655,Maharashtra,Nagpur,Nagpur,2026-06-20 12:34:18,2026-06-20 13:34:18,60,21.18509,79.02361,145.4,12.99,21.79,655
S000656,Tripura,West Tripura,Agartala,2026-06-20 16:25:27,2026-06-20 18:25:27,120,23.87603,91.20629,11.2,9.9,16.76,656
S000657,Chhattisgarh,Ambikapur,Ambikapur,2026-06-20 13:18:11,2026-06-20 15:18:11,120,23.09166,83.16008,309.3,6.08,4.49,657
S000658,Bihar,Patna,Patna,2026-06-20 11:10:18,2026-06-20 13:10:18,120,25.59844,85.14456,306.4,8.9,4.64,658
S000659,Tamil Nadu,Tiruchirappalli,Tiruchirappalli,2026-06-20 03:49:06,2026-06-20 05:49:06,120,10.8004,78.71243,134.2,9.09,11.94,659
S000660,Jharkhand,Ranchi,Ranchi,2026-06-20 09:21:58,2026-06-20 11:21:58,120,23.3257,85.3265,268.6,14.11,13.89,660
S000661,Mizoram,Lunglei,Lunglei,2026-06-20 06:12:13,2026-06-20 07:42:13,90,22.87828,92.71358,185.2,14.2,13.55,661
S000662,Arunachal Pradesh,West Kameng,Bomdila,2026-06-20 12:53:57,2026-06-20 14:53:57,120,27.21446,92.52344,103.4,29.82,5.89,662
S000663,Madhya Pradesh,Jabalpur,Jabalpur,2026-06-20 16:31:53,2026-06-20 18:01:53,90,23.09311,79.9981,23.5,21.49,4.06,663
S000664,Tamil Nadu,Madurai,Madurai,2026-06-20 15:28:10,2026-06-20 17:28:10,120,9.95262,78.07571,118.7,7.8,4.19,664
S000665,Assam,Tezpur,Tezpur,2026-06-20 07:10:50,2026-06-20 10:10:50,180,26.65743,92.82682,213.6,30.91,12.16,665
S000666,Maharashtra,Amravati,Amravati,2026-06-20 10:37:19,2026-06-20 12:37:19,120,20.90124,77.79442,343.4,21.33,17.8,666
S000667,Kerala,Ernakulam,Kochi,2026-06-20 12:54:52,2026-06-20 14:54:52,120,9.95479,76.2771,235.1,30.07,7.13,667
S000668,West Bengal,Siliguri,Siliguri,2026-06-20 04:50:32,2026-06-20 06:20:32,90,26.70704,88.46086,282.6,24.96,12.89,668
S000669,Nagaland,Mokokchung,Mokokchung,2026-06-20 13:55:38,2026-06-20 14:55:38,60,26.42834,94.55545,231.1,30.9,14.4,669
S000670,Punjab,Amritsar,Amritsar,2026-06-20 13:36:07,2026-06-20 15:36:07,120,31.65161,74.98119,135.7,17.43,6.24,670
S000671,Bihar,Patna,Patna,2026-06-20 01:36:09,2026-06-20 03:36:09,120,25.6033,85.13074,225.0,20.08,16.67,671
S000672,Uttar Pradesh,Prayagraj,Prayagraj,2026-06-20 01:06:19,2026-06-20 03:06:19,120,25.45838,81.88261,276.1,34.8,15.53,672
S000673,Arunachal Pradesh,Papum Pare,Itanagar,2026-06-20 22:07:06,2026-06-21 00:07:06,120,27.13243,93.49992,130.7,29.59,18.93,673
S000674,Assam,Tezpur,Tezpur,2026-06-20 01:03:32,2026-06-20 02:33:32,90,26.64316,92.73035,226.0,11.23,17.5,674
S000675,Assam,Tezpur,Tezpur,2026-06-20 18:15:59,2026-06-20 20:15:59,120,26.63568,92.81364,189.7,17.25,14.67,675
S000676,Odisha,Sambalpur,Sambalpur,2026-06-20 00:15:22,2026-06-20 02:15:22,120,21.46809,83.97687,23.6,8.7,15.14,676
S000677,Kerala,Thiruvananthapuram,Thiruvananthapuram,2026-06-20 19:31:01,2026-06-20 21:01:01,90,8.43431,76.93681,272.5,24.66,20.94,677
S000678,Uttarakhand,Dehradun,Dehradun,2026-06-20 18:27:50,2026-06-20 20:27:50,120,30.30616,77.91314,279.5,21.51,5.61,678
S000679,Assam,Dibrugarh,Dibrugarh,2026-06-20 10:31:27,2026-06-20 12:31:27,120,27.51855,94.96407,35.7,21.5,10.37,679
S000680,Ladakh,Leh,Leh,2026-06-20 21:13:21,2026-06-20 22:13:21,60,34.11274,77.63085,116.7,8.15,10.91,680
S000681,Maharashtra,Chandrapur,Chandrapur,2026-06-20 14:33:34,2026-06-20 15:33:34,60,20.00649,79.27455,39.6,14.97,18.86,681
S000682,Bihar,Patna,Patna,2026-06-20 22:09:26,2026-06-21 01:09:26,180,25.59689,85.15106,210.5,14.29,18.86,682
S000683,Madhya Pradesh,Chhindwara,Chhindwara,2026-06-20 12:24:00,2026-06-20 14:54:00,150,22.0413,78.93926,299.9,31.69,22.21,683
S000684,Meghalaya,East Garo Hills,Williamnagar,2026-06-20 22:14:13,2026-06-21 00:14:13,120,25.48494,90.61685,270.4,8.22,15.78,684
S000685,Jharkhand,Deoghar,Deoghar,2026-06-20 15:38:25,2026-06-20 17:38:25,120,24.50146,86.67304,210.3,8.25,13.58,685
S000686,Punjab,Amritsar,Amritsar,2026-06-20 16:00:51,2026-06-20 17:00:51,60,31.6813,74.92909,317.4,27.45,10.12,686
S000687,Assam,Kamrup Metropolitan,Guwahati,2026-06-20 19:03:49,2026-06-20 21:03:49,120,26.1627,91.67421,116.1,13.37,11.96,687
S000688,Manipur,Imphal West,Imphal,2026-06-20 13:28:44,2026-06-20 14:58:44,90,24.71713,93.93983,106.4,34.59,18.41,688
S000689,Tamil Nadu,Nilgiris,Ooty,2026-06-20 18:34:53,2026-06-20 20:34:53,120,11.41505,76.69693,135.5,30.07,17.0,689
S000690,Tamil Nadu,Coimbatore,Coimbatore,2026-06-20 20:10:48,2026-06-20 21:10:48,60,11.02326,76.97129,170.1,13.93,3.27,690
S000691,Karnataka,Belagavi,Belagavi,2026-06-20 20:59:42,2026-06-20 21:59:42,60,15.80994,74.53792,195.3,23.73,13.71,691
S000692,Assam,Tezpur,Tezpur,2026-06-20 12:24:45,2026-06-20 14:24:45,120,26.63254,92.80136,18.4,10.4,13.97,692
S000693,Jharkhand,East Singhbhum,Jamshedpur,2026-06-20 13:31:57,2026-06-20 15:31:57,120,22.80438,86.19429,36.5,34.57,16.01,693
S000694,Meghalaya,East Garo Hills,Williamnagar,2026-06-20 09:03:57,2026-06-20 12:03:57,180,25.41326,90.54618,293.7,24.63,23.1,694
S000695,Maharashtra,Gadchiroli,Gadchiroli,2026-06-20 20:52:19,2026-06-20 23:22:19,150,20.10533,79.96876,272.4,6.83,13.07,695
S000696,Goa,North Goa,Panaji,2026-06-20 00:02:23,2026-06-20 02:32:23,150,15.51936,73.82775,64.7,26.15,6.05,696
S000697,Jharkhand,Ranchi,Ranchi,2026-06-20 09:21:58,2026-06-20 10:21:58,60,23.38211,85.38371,324.9,23.49,15.46,697
S000698,Telangana,Hyderabad,Hyderabad,2026-06-20 12:42:52,2026-06-20 15:12:52,150,17.30043,78.47604,306.2,12.08,19.31,698
S000699,Gujarat,Ahmedabad,Ahmedabad,2026-06-20 23:41:06,2026-06-21 01:41:06,120,23.03177,72.53002,8.4,19.16,11.15,699
S000700,Odisha,Khordha,Bhubaneswar,2026-06-20 13:56:03,2026-06-20 15:26:03,90,20.37848,85.85011,170.6,25.57,7.2,700
S000701,Chhattisgarh,Bilaspur,Bilaspur,2026-06-20 10:27:54,2026-06-20 11:27:54,60,22.07053,82.14741,178.0,34.26,8.47,701
S000702,Assam,Silchar,Silchar,2026-06-20 09:01:48,2026-06-20 11:31:48,150,24.79042,92.83721,65.6,24.23,20.63,702
S000703,Telangana,Hyderabad,Hyderabad,2026-06-20 13:12:33,2026-06-20 15:12:33,120,17.38819,78.48148,275.3,29.86,8.07,703
S000704,Telangana,Warangal,Warangal,2026-06-20 05:22:04,2026-06-20 07:22:04,120,18.04996,79.60004,71.5,18.76,16.49,704
S000705,Odisha,Rourkela,Rourkela,2026-06-20 07:07:14,2026-06-20 09:07:14,120,22.17974,84.865,324.2,6.92,16.12,705
S000706,Karnataka,Chikkamagaluru,Chikkamagaluru,2026-06-20 17:59:58,2026-06-20 20:59:58,180,13.34433,75.84658,277.3,27.43,11.87,706
S000707,Uttar Pradesh,Prayagraj,Prayagraj,2026-06-20 18:53:26,2026-06-20 20:23:26,90,25.39767,81.94081,3.8,20.68,8.19,707
S000708,Jharkhand,Ranchi,Ranchi,2026-06-20 18:08:53,2026-06-20 19:38:53,90,23.32849,85.22159,344.0,33.15,13.81,708
S000709,West Bengal,Malda,Malda,2026-06-20 10:13:40,2026-06-20 12:43:40,150,24.99313,88.21589,21.4,29.57,13.67,709
S000710,Uttarakhand,Dehradun,Dehradun,2026-06-20 08:52:01,2026-06-20 11:22:01,150,30.31979,78.06803,237.4,19.24,8.53,710
S000711,Kerala,Thiruvananthapuram,Thiruvananthapuram,2026-06-20 14:03:16,2026-06-20 16:03:16,120,8.52694,76.93312,305.0,25.0,19.86,711
S000712,Assam,Silchar,Silchar,2026-06-20 09:54:31,2026-06-20 12:24:31,150,24.7856,92.77369,135.6,17.79,4.99,712
S000713,Maharashtra,Kolhapur,Kolhapur,2026-06-20 02:36:46,2026-06-20 04:06:46,90,16.71259,74.25431,346.6,34.05,16.12,713
S000714,Telangana,Karimnagar,Karimnagar,2026-06-20 13:44:11,2026-06-20 15:14:11,90,18.44303,79.10546,24.3,11.81,3.93,714
S000715,Punjab,Amritsar,Amritsar,2026-06-20 17:38:58,2026-06-20 18:38:58,60,31.57362,74.93958,214.8,29.24,13.09,715
S000716,Meghalaya,East Garo Hills,Williamnagar,2026-06-20 14:33:37,2026-06-20 17:03:37,150,25.49171,90.60978,294.3,13.79,9.73,716
S000717,Karnataka,Uttara Kannada,Karwar,2026-06-20 11:32:04,2026-06-20 13:02:04,90,14.82214,74.12761,169.2,31.13,8.05,717
S000718,Jharkhand,Ranchi,Ranchi,2026-06-20 15:28:32,2026-06-20 17:28:32,120,23.30237,85.27383,85.7,13.08,7.05,718
S000719,West Bengal,Kolkata,Kolkata,2026-06-20 14:00:52,2026-06-20 16:00:52,120,22.58198,88.36065,282.4,18.72,6.81,719
S000720,Odisha,Khordha,Bhubaneswar,2026-06-20 17:36:34,2026-06-20 19:36:34,120,20.29483,85.8264,25.3,31.36,4.97,720
S000721,Bihar,Muzaffarpur,Muzaffarpur,2026-06-20 06:36:35,2026-06-20 08:06:35,90,26.12806,85.41395,160.2,28.49,13.0,721
S000722,Nagaland,Dimapur,Dimapur,2026-06-20 07:28:35,2026-06-20 08:58:35,90,25.83799,93.76579,351.4,17.67,15.72,722
S000723,Uttar Pradesh,Varanasi,Varanasi,2026-06-20 13:41:37,2026-06-20 14:11:37,30,25.374,82.8786,303.7,27.14,4.98,723
S000724,Odisha,Sambalpur,Sambalpur,2026-06-20 11:08:01,2026-06-20 13:38:01,150,21.47212,84.06969,330.4,33.59,15.07,724
S000725,Odisha,Balasore,Balasore,2026-06-20 19:13:51,2026-06-20 20:43:51,90,21.45067,86.90318,88.1,24.25,6.08,725
S000726,Meghalaya,East Garo Hills,Williamnagar,2026-06-20 19:33:16,2026-06-20 21:03:16,90,25.4229,90.5733,57.1,27.12,14.14,726
S000727,Uttar Pradesh,Lucknow,Lucknow,2026-06-20 11:23:00,2026-06-20 14:53:00,210,26.84605,81.01175,113.9,6.72,15.22,727
S000728,Assam,Jorhat,Jorhat,2026-06-20 14:28:21,2026-06-20 15:58:21,90,26.72849,94.23448,56.2,6.32,22.65,728
S000729,Mizoram,Aizawl,Aizawl,2026-06-20 08:36:14,2026-06-20 10:36:14,120,23.69152,92.71476,336.1,11.17,4.91,729
S000730,Telangana,Hyderabad,Hyderabad,2026-06-20 21:51:08,2026-06-20 23:21:08,90,17.42019,78.39502,86.9,10.66,21.77,730
S000731,Chhattisgarh,Raipur,Raipur,2026-06-20 17:27:24,2026-06-20 19:27:24,120,21.24304,81.63255,165.9,30.39,5.36,731
S000732,Maharashtra,Mumbai,Mumbai,2026-06-20 12:04:51,2026-06-20 15:04:51,180,19.04061,72.91886,108.9,24.93,13.81,732
S000733,Jharkhand,Deoghar,Deoghar,2026-06-20 08:30:58,2026-06-20 10:00:58,90,24.41899,86.69722,98.6,13.25,20.32,733
S000734,Bihar,Darbhanga,Darbhanga,2026-06-20 15:17:26,2026-06-20 17:17:26,120,26.04918,85.88577,285.5,5.54,21.52,734
S000735,Uttar Pradesh,Kanpur,Kanpur,2026-06-20 01:31:48,2026-06-20 04:01:48,150,26.36428,80.36089,176.8,18.47,14.15,735
S000736,Odisha,Sambalpur,Sambalpur,2026-06-20 12:00:11,2026-06-20 15:00:11,180,21.46693,83.9865,112.4,27.47,14.63,736
S000737,West Bengal,Malda,Malda,2026-06-20 15:18:06,2026-06-20 16:48:06,90,25.01289,88.1261,85.6,17.3,21.82,737
S000738,Karnataka,Belagavi,Belagavi,2026-06-20 06:54:24,2026-06-20 08:54:24,120,15.88067,74.54181,265.5,14.56,10.9,738
S000739,Telangana,Hyderabad,Hyderabad,2026-06-20 11:53:51,2026-06-20 14:53:51,180,17.40939,78.48232,152.0,9.74,7.56,739
S000740,Madhya Pradesh,Balaghat,Balaghat,2026-06-20 00:47:37,2026-06-20 02:47:37,120,21.7176,80.15537,10.9,11.24,10.58,740
S000741,Meghalaya,East Khasi Hills,Shillong,2026-06-20 11:32:47,2026-06-20 13:02:47,90,25.61907,91.8331,349.3,28.76,22.62,741
S000742,Uttar Pradesh,Ballia,Ballia,2026-06-20 23:24:51,2026-06-21 00:54:51,90,25.80265,84.18319,117.6,22.6,18.76,742
S000743,Odisha,Khordha,Bhubaneswar,2026-06-20 11:55:36,2026-06-20 13:25:36,90,20.30679,85.81459,169.8,28.48,21.15,743
S000744,Kerala,Thrissur,Thrissur,2026-06-20 16:24:50,2026-06-20 19:54:50,210,10.53412,76.16412,109.3,24.96,22.55,744
S000745,Nagaland,Kohima,Kohima,2026-06-20 15:08:04,2026-06-20 18:08:04,180,25.6099,94.12244,306.2,27.23,22.47,745
S000746,Uttar Pradesh,Varanasi,Varanasi,2026-06-20 22:49:37,2026-06-21 00:19:37,90,25.37548,82.98559,6.6,34.03,4.2,746
S000747,Odisha,Balasore,Balasore,2026-06-20 22:39:40,2026-06-21 01:09:40,150,21.49957,87.01111,241.2,20.99,16.22,747
S000748,Rajasthan,Barmer,Barmer,2026-06-20 09:25:21,2026-06-20 10:55:21,90,25.82703,71.38947,74.6,20.3,6.83,748
S000749,Gujarat,Vadodara,Vadodara,2026-06-20 16:44:01,2026-06-20 17:44:01,60,22.33492,73.24322,198.8,13.01,12.82,749
S000750,Jharkhand,East Singhbhum,Jamshedpur,2026-06-20 16:45:05,2026-06-20 18:15:05,90,22.8278,86.13351,304.8,24.9,11.16,750
S000751,West Bengal,Kharagpur,Kharagpur,2026-06-20 13:52:38,2026-06-20 15:52:38,120,22.34138,87.21968,86.8,25.6,10.6,751
S000752,Arunachal Pradesh,West Kameng,Bomdila,2026-06-20 21:29:12,2026-06-20 23:29:12,120,27.2734,92.43158,203.0,29.94,12.06,752
S000753,Sikkim,East Sikkim,Gangtok,2026-06-20 22:01:20,2026-06-20 23:31:20,90,27.3101,88.71762,70.0,31.53,12.94,753
S000754,Punjab,Amritsar,Amritsar,2026-06-20 14:30:45,2026-06-20 17:30:45,180,31.6544,74.88538,198.6,25.49,12.17,754
S000755,West Bengal,Bardhaman,Bardhaman,2026-06-20 13:59:34,2026-06-20 16:59:34,180,23.19279,87.84047,154.7,10.95,18.36,755
S000756,Jharkhand,East Singhbhum,Jamshedpur,2026-06-20 22:57:25,2026-06-21 00:27:25,90,22.82534,86.14266,96.3,29.58,10.28,756
S000757,Kerala,Thiruvananthapuram,Thiruvananthapuram,2026-06-20 08:05:53,2026-06-20 09:35:53,90,8.5192,76.93168,359.8,8.56,16.59,757
S000758,Himachal Pradesh,Kinnaur,Reckong Peo,2026-06-20 19:52:19,2026-06-20 22:22:19,150,31.47494,78.3435,328.0,17.67,8.39,758
S000759,West Bengal,Kharagpur,Kharagpur,2026-06-20 16:15:30,2026-06-20 17:15:30,60,22.34586,87.23078,202.4,23.58,8.44,759
S000760,Gujarat,Ahmedabad,Ahmedabad,2026-06-20 21:50:51,2026-06-21 00:20:51,150,23.01004,72.6123,256.7,27.27,17.0,760
S000761,Mizoram,Aizawl,Aizawl,2026-06-20 12:47:08,2026-06-20 14:47:08,120,23.72754,92.71787,248.6,6.39,4.3,761
S000762,Nagaland,Kohima,Kohima,2026-06-20 13:03:06,2026-06-20 16:03:06,180,25.64596,94.09168,146.2,25.08,17.51,762
S000763,Bihar,Gaya,Gaya,2026-06-20 00:10:29,2026-06-20 02:40:29,150,24.82979,84.99709,189.0,24.33,13.63,763
S000764,Nagaland,Dimapur,Dimapur,2026-06-20 18:43:01,2026-06-20 20:43:01,120,25.94947,93.72342,354.2,5.05,14.5,764
S000765,Meghalaya,Jaintia Hills,Jowai,2026-06-20 17:28:26,2026-06-20 19:58:26,150,25.4823,92.30523,144.9,8.63,6.97,765
S000766,Karnataka,Shivamogga,Shivamogga,2026-06-20 12:43:11,2026-06-20 15:13:11,150,13.915,75.51268,85.9,11.44,14.07,766
S000767,Jharkhand,East Singhbhum,Jamshedpur,2026-06-20 13:27:00,2026-06-20 15:27:00,120,22.77816,86.18516,271.3,15.93,4.91,767
S000768,Odisha,Sambalpur,Sambalpur,2026-06-20 17:40:17,2026-06-20 19:40:17,120,21.42266,83.88692,308.9,34.34,12.69,768
S000769,Odisha,Cuttack,Cuttack,2026-06-20 14:44:03,2026-06-20 16:14:03,90,20.49546,85.78106,281.3,22.91,8.11,769
S000770,Maharashtra,Chandrapur,Chandrapur,2026-06-20 01:54:21,2026-06-20 02:54:21,60,19.90366,79.377,38.7,19.49,20.65,770
S000771,Telangana,Hyderabad,Hyderabad,2026-06-20 17:34:34,2026-06-20 19:34:34,120,17.43963,78.55635,41.8,30.62,9.43,771
S000772,Bihar,Patna,Patna,2026-06-20 23:31:50,2026-06-21 00:31:50,60,25.6483,85.03661,147.0,34.22,21.78,772
S000773,Tripura,West Tripura,Agartala,2026-06-20 15:20:00,2026-06-20 18:50:00,210,23.84841,91.21832,313.9,16.22,22.17,773
S000774,Tripura,West Tripura,Agartala,2026-06-20 10:54:46,2026-06-20 13:24:46,150,23.84074,91.28653,335.8,24.73,12.26,774
S000775,Meghalaya,West Khasi Hills,Nongstoin,2026-06-20 10:11:59,2026-06-20 12:41:59,150,25.5433,91.32356,286.4,11.19,5.12,775
S000776,Tamil Nadu,Tiruchirappalli,Tiruchirappalli,2026-06-20 08:27:59,2026-06-20 10:27:59,120,10.8807,78.68128,287.1,23.52,9.86,776
S000777,Telangana,Karimnagar,Karimnagar,2026-06-20 05:58:33,2026-06-20 09:28:33,210,18.44066,79.11366,160.9,19.77,20.72,777
S000778,Nagaland,Dimapur,Dimapur,2026-06-20 23:10:00,2026-06-21 01:40:00,150,25.94259,93.77164,46.4,25.6,15.71,778
S000779,Telangana,Khammam,Khammam,2026-06-20 15:27:39,2026-06-20 18:27:39,180,17.14741,80.16703,212.3,25.79,14.28,779
S000780,Chhattisgarh,Jagdalpur,Jagdalpur,2026-06-20 00:44:37,2026-06-20 01:44:37,60,19.09686,81.99017,284.4,23.69,15.23,780
S000781,Kerala,Kozhikode,Kozhikode,2026-06-20 10:31:16,2026-06-20 11:31:16,60,11.34705,75.7337,272.1,16.76,14.93,781
S000782,Chhattisgarh,Jagdalpur,Jagdalpur,2026-06-20 14:17:31,2026-06-20 16:17:31,120,19.12184,82.01793,343.0,15.95,7.72,782
S000783,Maharashtra,Mumbai,Mumbai,2026-06-20 05:46:51,2026-06-20 07:46:51,120,19.09172,72.86551,94.5,11.23,14.96,783
S000784,Chhattisgarh,Jagdalpur,Jagdalpur,2026-06-20 20:48:14,2026-06-20 22:18:14,90,19.07309,82.09303,4.7,29.87,8.58,784
S000785,Karnataka,Belagavi,Belagavi,2026-06-20 10:02:35,2026-06-20 13:02:35,180,15.81326,74.48262,353.4,5.42,16.1,785
S000786,Nagaland,Dimapur,Dimapur,2026-06-20 15:25:43,2026-06-20 16:55:43,90,25.95313,93.8038,261.2,32.14,12.85,786
S000787,West Bengal,Kolkata,Kolkata,2026-06-20 07:57:32,2026-06-20 08:57:32,60,22.61467,88.40519,189.4,18.94,7.14,787
S000788,Nagaland,Kohima,Kohima,2026-06-20 13:07:25,2026-06-20 16:07:25,180,25.67193,94.15145,200.0,9.02,20.51,788
S000789,Chhattisgarh,Durg,Durg,2026-06-20 16:26:19,2026-06-20 18:26:19,120,21.21013,81.26089,215.3,24.74,20.51,789
S000790,Odisha,Cuttack,Cuttack,2026-06-20 15:43:25,2026-06-20 18:43:25,180,20.56863,85.8665,223.9,9.21,13.29,790
S000791,Odisha,Balasore,Balasore,2026-06-20 16:19:05,2026-06-20 17:49:05,90,21.48697,86.94445,325.2,27.86,9.6,791
S000792,Madhya Pradesh,Ujjain,Ujjain,2026-06-20 17:33:45,2026-06-20 19:03:45,90,23.12808,75.69583,97.9,31.64,12.42,792
S000793,Assam,Nagaon,Nagaon,2026-06-20 16:30:12,2026-06-20 18:00:12,90,26.35732,92.70839,319.9,12.89,5.04,793
S000794,Manipur,Imphal West,Imphal,2026-06-20 13:29:47,2026-06-20 15:29:47,120,24.84023,93.87845,149.3,13.52,11.29,794
S000795,Telangana,Khammam,Khammam,2026-06-20 16:35:29,2026-06-20 18:35:29,120,17.20633,80.17634,270.8,12.0,21.25,795
S000796,West Bengal,Malda,Malda,2026-06-20 18:36:30,2026-06-20 20:36:30,120,25.00536,88.0816,263.9,33.37,12.55,796
S000797,Chhattisgarh,Durg,Durg,2026-06-20 16:59:48,2026-06-20 19:59:48,180,21.13732,81.2193,18.0,17.75,19.23,797
S000798,Puducherry,Puducherry,Puducherry,2026-06-20 20:11:11,2026-06-20 21:41:11,90,11.87128,79.72889,105.9,5.66,5.59,798
S000799,Chhattisgarh,Bilaspur,Bilaspur,2026-06-20 22:07:20,2026-06-20 23:37:20,90,22.0796,82.13894,328.5,26.88,16.66,799
S000800,Mizoram,Aizawl,Aizawl,2026-06-20 07:17:00,2026-06-20 08:17:00,60,23.63941,92.78029,61.4,15.4,16.03,800
S000801,Odisha,Cuttack,Cuttack,2026-06-20 02:38:08,2026-06-20 03:38:08,60,20.47686,85.8693,271.2,5.46,13.01,801
S000802,West Bengal,Malda,Malda,2026-06-20 09:15:34,2026-06-20 11:15:34,120,24.93665,88.10287,124.9,6.37,18.29,802
S000803,Chhattisgarh,Jagdalpur,Jagdalpur,2026-06-20 17:56:06,2026-06-20 18:56:06,60,19.04354,82.0538,300.2,16.3,4.12,803
S000804,Uttar Pradesh,Gorakhpur,Gorakhpur,2026-06-20 18:44:31,2026-06-20 20:44:31,120,26.76131,83.37156,304.3,32.41,5.8,804
S000805,Jharkhand,Dhanbad,Dhanbad,2026-06-20 20:21:12,2026-06-20 23:21:12,180,23.84376,86.47223,287.7,28.78,8.37,805
S000806,Nagaland,Dimapur,Dimapur,2026-06-20 14:59:07,2026-06-20 15:29:07,30,25.89956,93.7237,282.2,8.0,10.09,806
S000807,Odisha,Cuttack,Cuttack,2026-06-20 13:30:30,2026-06-20 14:00:30,30,20.3951,85.82007,349.2,15.99,18.95,807
S000808,Assam,Jorhat,Jorhat,2026-06-20 10:03:57,2026-06-20 12:03:57,120,26.76939,94.14358,211.7,31.54,8.45,808
S000809,Mizoram,Lunglei,Lunglei,2026-06-20 20:43:33,2026-06-20 22:13:33,90,22.98141,92.74575,240.2,32.2,21.19,809
S000810,Uttar Pradesh,Prayagraj,Prayagraj,2026-06-20 16:53:37,2026-06-20 19:23:37,150,25.37533,81.9203,91.0,10.92,17.12,810
S000811,Uttar Pradesh,Prayagraj,Prayagraj,2026-06-20 06:26:25,2026-06-20 07:56:25,90,25.33857,81.87342,17.9,22.61,8.8,811
S000812,Odisha,Berhampur,Berhampur,2026-06-20 04:14:42,2026-06-20 07:14:42,180,19.26763,84.80682,287.8,26.61,11.67,812
S000813,Andhra Pradesh,Kurnool,Kurnool,2026-06-20 11:33:48,2026-06-20 14:33:48,180,15.79618,78.07851,326.1,16.22,3.25,813
S000814,Telangana,Karimnagar,Karimnagar,2026-06-20 12:33:18,2026-06-20 15:33:18,180,18.46442,79.12619,339.3,14.95,8.55,814
S000815,Telangana,Hyderabad,Hyderabad,2026-06-20 18:56:02,2026-06-20 22:26:02,210,17.38418,78.49007,144.1,25.53,17.59,815
S000816,West Bengal,Darjeeling,Darjeeling,2026-06-20 00:02:03,2026-06-20 02:02:03,120,27.0485,88.3312,61.7,14.53,20.2,816
S000817,West Bengal,Kharagpur,Kharagpur,2026-06-20 15:47:54,2026-06-20 16:47:54,60,22.30251,87.22893,6.1,16.61,5.32,817
S000818,Telangana,Warangal,Warangal,2026-06-20 12:40:01,2026-06-20 15:40:01,180,17.9128,79.59856,339.9,33.38,15.25,818
S000819,Uttar Pradesh,Kanpur,Kanpur,2026-06-20 15:33:08,2026-06-20 17:33:08,120,26.42145,80.29194,39.6,30.52,14.81,819
S000820,Karnataka,Uttara Kannada,Karwar,2026-06-20 00:20:49,2026-06-20 02:20:49,120,14.77327,74.1487,299.2,7.52,11.84,820
S000821,Uttarakhand,Dehradun,Dehradun,2026-06-20 02:39:08,2026-06-20 03:39:08,60,30.40835,78.08147,31.4,12.41,7.73,821
S000822,Odisha,Sambalpur,Sambalpur,2026-06-20 20:58:40,2026-06-20 21:58:40,60,21.44037,83.97553,310.5,30.8,18.18,822
S000823,Meghalaya,East Garo Hills,Williamnagar,2026-06-20 08:31:58,2026-06-20 09:31:58,60,25.57707,90.56624,219.3,33.37,8.93,823
S000824,Assam,Tezpur,Tezpur,2026-06-20 15:50:23,2026-06-20 18:50:23,180,26.71939,92.86625,97.5,27.29,19.95,824
S000825,Mizoram,Lunglei,Lunglei,2026-06-20 14:14:37,2026-06-20 16:14:37,120,22.92859,92.76329,75.4,20.83,7.77,825
S000826,Assam,Kamrup Metropolitan,Guwahati,2026-06-20 09:38:11,2026-06-20 13:08:11,210,26.16731,91.69428,166.2,14.58,7.16,826
S000827,West Bengal,Siliguri,Siliguri,2026-06-20 04:14:45,2026-06-20 06:44:45,150,26.72191,88.39942,136.0,5.7,22.61,827
S000828,Jammu and Kashmir,Jammu,Jammu,2026-06-20 11:00:46,2026-06-20 13:00:46,120,32.75844,74.82857,50.1,27.61,9.49,828
S000829,Maharashtra,Amravati,Amravati,2026-06-20 21:09:44,2026-06-21 00:09:44,180,20.91305,77.75744,287.3,19.87,4.42,829
S000830,Andhra Pradesh,Visakhapatnam,Visakhapatnam,2026-06-20 17:31:23,2026-06-20 19:31:23,120,17.68991,83.21579,259.6,14.95,16.5,830
S000831,Karnataka,Belagavi,Belagavi,2026-06-20 19:43:54,2026-06-20 23:13:54,210,15.86089,74.50336,220.4,30.64,12.07,831
